{
  "version": "3.4",
  "log": [
    {
      "contracts/GovernmentChain.sol:GovernmentChain": {
        "src": "contracts/GovernmentChain.sol:4",
        "version": {
          "withMetadata": "8c0fd76e5ef5ec2a6a580af0d354c8e9ca8c3f5f014168173325dffdc4d0576e",
          "withoutMetadata": "8c0fd76e5ef5ec2a6a580af0d354c8e9ca8c3f5f014168173325dffdc4d0576e",
          "linkedWithoutMetadata": "8c0fd76e5ef5ec2a6a580af0d354c8e9ca8c3f5f014168173325dffdc4d0576e"
        },
        "inherit": [],
        "libraries": [],
        "methods": [
          "(address)",
          "verifyUser(address,string,string)",
          "updateUserCredit(address,uint256)",
          "getDonations(address)",
          "getLogistics(address)",
          "receiveDonation(address,string,string)",
          "updateLogistics(address,string,string)",
          "handleMedicineReceived(address,string,string)",
          "approveMedicineRecovery(address,string,string)"
        ],
        "linkReferences": [],
        "errors": [
          {
            "kind": "constructor",
            "contract": "GovernmentChain",
            "src": "contracts/GovernmentChain.sol:20"
          }
        ],
        "layout": {
          "storage": [
            {
              "label": "relayChainAddress",
              "offset": 0,
              "slot": "0",
              "type": "t_address",
              "contract": "GovernmentChain",
              "src": "contracts/GovernmentChain.sol:19"
            },
            {
              "label": "users",
              "offset": 0,
              "slot": "1",
              "type": "t_mapping(t_address,t_struct(User)6_storage)",
              "contract": "GovernmentChain",
              "src": "contracts/GovernmentChain.sol:24"
            },
            {
              "label": "donations",
              "offset": 0,
              "slot": "2",
              "type": "t_mapping(t_address,t_array(t_struct(Donation)13_storage)dyn_storage)",
              "contract": "GovernmentChain",
              "src": "contracts/GovernmentChain.sol:27"
            },
            {
              "label": "logisticsRecords",
              "offset": 0,
              "slot": "3",
              "type": "t_mapping(t_address,t_array(t_struct(LogisticsInfo)20_storage)dyn_storage)",
              "contract": "GovernmentChain",
              "src": "contracts/GovernmentChain.sol:30"
            }
          ],
          "types": {
            "t_address": {
              "label": "address",
              "numberOfBytes": "20"
            },
            "t_array(t_struct(Donation)13_storage)dyn_storage": {
              "label": "struct GovernmentChain.Donation[]",
              "numberOfBytes": "32"
            },
            "t_array(t_struct(LogisticsInfo)20_storage)dyn_storage": {
              "label": "struct GovernmentChain.LogisticsInfo[]",
              "numberOfBytes": "32"
            },
            "t_mapping(t_address,t_array(t_struct(Donation)13_storage)dyn_storage)": {
              "label": "mapping(address => struct GovernmentChain.Donation[])",
              "numberOfBytes": "32"
            },
            "t_mapping(t_address,t_array(t_struct(LogisticsInfo)20_storage)dyn_storage)": {
              "label": "mapping(address => struct GovernmentChain.LogisticsInfo[])",
              "numberOfBytes": "32"
            },
            "t_mapping(t_address,t_struct(User)6_storage)": {
              "label": "mapping(address => struct GovernmentChain.User)",
              "numberOfBytes": "32"
            },
            "t_string_storage": {
              "label": "string",
              "numberOfBytes": "32"
            },
            "t_struct(Donation)13_storage": {
              "label": "struct GovernmentChain.Donation",
              "members": [
                {
                  "label": "medicineName",
                  "type": "t_string_storage",
                  "offset": 0,
                  "slot": "0"
                },
                {
                  "label": "batchNumber",
                  "type": "t_string_storage",
                  "offset": 0,
                  "slot": "1"
                },
                {
                  "label": "timestamp",
                  "type": "t_uint256",
                  "offset": 0,
                  "slot": "2"
                }
              ],
              "numberOfBytes": "96"
            },
            "t_struct(LogisticsInfo)20_storage": {
              "label": "struct GovernmentChain.LogisticsInfo",
              "members": [
                {
                  "label": "status",
                  "type": "t_string_storage",
                  "offset": 0,
                  "slot": "0"
                },
                {
                  "label": "timestamp",
                  "type": "t_uint256",
                  "offset": 0,
                  "slot": "1"
                },
                {
                  "label": "location",
                  "type": "t_string_storage",
                  "offset": 0,
                  "slot": "2"
                }
              ],
              "numberOfBytes": "96"
            },
            "t_struct(User)6_storage": {
              "label": "struct GovernmentChain.User",
              "members": [
                {
                  "label": "username",
                  "type": "t_string_storage",
                  "offset": 0,
                  "slot": "0"
                },
                {
                  "label": "creditScore",
                  "type": "t_uint256",
                  "offset": 0,
                  "slot": "1"
                }
              ],
              "numberOfBytes": "64"
            },
            "t_uint256": {
              "label": "uint256",
              "numberOfBytes": "32"
            }
          },
          "layoutVersion": "1.2",
          "flat": true,
          "namespaces": {}
        },
        "solcVersion": "0.8.24"
      },
      "contracts/LogisticsChain.sol:LogisticsChain": {
        "src": "contracts/LogisticsChain.sol:4",
        "version": {
          "withMetadata": "bf3af5cde9fd10cee98bbb8f5ce96f683ab0b6c9ea9c2ab913c75a9347a0d4e5",
          "withoutMetadata": "bf3af5cde9fd10cee98bbb8f5ce96f683ab0b6c9ea9c2ab913c75a9347a0d4e5",
          "linkedWithoutMetadata": "bf3af5cde9fd10cee98bbb8f5ce96f683ab0b6c9ea9c2ab913c75a9347a0d4e5"
        },
        "inherit": [],
        "libraries": [],
        "methods": [
          "(address)",
          "getLogistics(uint256)",
          "createTransport(address,string,string)",
          "updateLogistics(uint256,string,string)",
          "relayUpdate(uint256,string,string,uint256)",
          "receiveDonation(address,string,string)",
          "handleMedicineReceived(address,string,string)"
        ],
        "linkReferences": [],
        "errors": [
          {
            "kind": "constructor",
            "contract": "LogisticsChain",
            "src": "contracts/LogisticsChain.sol:21"
          }
        ],
        "layout": {
          "storage": [
            {
              "label": "relayChainAddress",
              "offset": 0,
              "slot": "0",
              "type": "t_address",
              "contract": "LogisticsChain",
              "src": "contracts/LogisticsChain.sol:20"
            },
            {
              "label": "transportRecords",
              "offset": 0,
              "slot": "1",
              "type": "t_mapping(t_uint256,t_struct(TransportRecord)373_storage)",
              "contract": "LogisticsChain",
              "src": "contracts/LogisticsChain.sol:24"
            },
            {
              "label": "transportCount",
              "offset": 0,
              "slot": "2",
              "type": "t_uint256",
              "contract": "LogisticsChain",
              "src": "contracts/LogisticsChain.sol:25"
            }
          ],
          "types": {
            "t_address": {
              "label": "address",
              "numberOfBytes": "20"
            },
            "t_array(t_struct(LogisticsInfo)364_storage)dyn_storage": {
              "label": "struct LogisticsChain.LogisticsInfo[]",
              "numberOfBytes": "32"
            },
            "t_mapping(t_uint256,t_struct(TransportRecord)373_storage)": {
              "label": "mapping(uint256 => struct LogisticsChain.TransportRecord)",
              "numberOfBytes": "32"
            },
            "t_string_storage": {
              "label": "string",
              "numberOfBytes": "32"
            },
            "t_struct(LogisticsInfo)364_storage": {
              "label": "struct LogisticsChain.LogisticsInfo",
              "members": [
                {
                  "label": "status",
                  "type": "t_string_storage",
                  "offset": 0,
                  "slot": "0"
                },
                {
                  "label": "timestamp",
                  "type": "t_uint256",
                  "offset": 0,
                  "slot": "1"
                },
                {
                  "label": "location",
                  "type": "t_string_storage",
                  "offset": 0,
                  "slot": "2"
                }
              ],
              "numberOfBytes": "96"
            },
            "t_struct(TransportRecord)373_storage": {
              "label": "struct LogisticsChain.TransportRecord",
              "members": [
                {
                  "label": "sender",
                  "type": "t_address",
                  "offset": 0,
                  "slot": "0"
                },
                {
                  "label": "receiver",
                  "type": "t_address",
                  "offset": 0,
                  "slot": "1"
                },
                {
                  "label": "logistics",
                  "type": "t_array(t_struct(LogisticsInfo)364_storage)dyn_storage",
                  "offset": 0,
                  "slot": "2"
                }
              ],
              "numberOfBytes": "96"
            },
            "t_uint256": {
              "label": "uint256",
              "numberOfBytes": "32"
            }
          },
          "layoutVersion": "1.2",
          "flat": true,
          "namespaces": {}
        },
        "solcVersion": "0.8.24"
      },
      "contracts/UserChain.sol:UserChain": {
        "src": "contracts/UserChain.sol:4",
        "version": {
          "withMetadata": "41cfc51cce3589d7cb2b98ad7e69faa86facfeefba64abbef7a5a785dd1ff032",
          "withoutMetadata": "41cfc51cce3589d7cb2b98ad7e69faa86facfeefba64abbef7a5a785dd1ff032",
          "linkedWithoutMetadata": "41cfc51cce3589d7cb2b98ad7e69faa86facfeefba64abbef7a5a785dd1ff032"
        },
        "inherit": [],
        "libraries": [],
        "methods": [
          "(address,address,address)",
          "setUser(address,string,string)",
          "getDonationCount(address)",
          "getDonation(address,uint256)",
          "registerUser(string,string)",
          "donateMedicine(string,string,uint256,string)",
          "receiveMedicine(string,string)",
          "receiveDonation(address,string,string)"
        ],
        "linkReferences": [],
        "errors": [
          {
            "kind": "constructor",
            "contract": "UserChain",
            "src": "contracts/UserChain.sol:8"
          }
        ],
        "layout": {
          "storage": [
            {
              "label": "relayChainAddress",
              "offset": 0,
              "slot": "0",
              "type": "t_address",
              "contract": "UserChain",
              "src": "contracts/UserChain.sol:5"
            },
            {
              "label": "governmentChainAddress",
              "offset": 0,
              "slot": "1",
              "type": "t_address",
              "contract": "UserChain",
              "src": "contracts/UserChain.sol:6"
            },
            {
              "label": "logisticsChainAddress",
              "offset": 0,
              "slot": "2",
              "type": "t_address",
              "contract": "UserChain",
              "src": "contracts/UserChain.sol:7"
            },
            {
              "label": "users",
              "offset": 0,
              "slot": "3",
              "type": "t_mapping(t_address,t_struct(User)832_storage)",
              "contract": "UserChain",
              "src": "contracts/UserChain.sol:30"
            },
            {
              "label": "donations",
              "offset": 0,
              "slot": "4",
              "type": "t_mapping(t_address,t_array(t_struct(Medicine)823_storage)dyn_storage)",
              "contract": "UserChain",
              "src": "contracts/UserChain.sol:31"
            }
          ],
          "types": {
            "t_address": {
              "label": "address",
              "numberOfBytes": "20"
            },
            "t_array(t_struct(Medicine)823_storage)dyn_storage": {
              "label": "struct UserChain.Medicine[]",
              "numberOfBytes": "32"
            },
            "t_bool": {
              "label": "bool",
              "numberOfBytes": "1"
            },
            "t_mapping(t_address,t_array(t_struct(Medicine)823_storage)dyn_storage)": {
              "label": "mapping(address => struct UserChain.Medicine[])",
              "numberOfBytes": "32"
            },
            "t_mapping(t_address,t_struct(User)832_storage)": {
              "label": "mapping(address => struct UserChain.User)",
              "numberOfBytes": "32"
            },
            "t_string_storage": {
              "label": "string",
              "numberOfBytes": "32"
            },
            "t_struct(Medicine)823_storage": {
              "label": "struct UserChain.Medicine",
              "members": [
                {
                  "label": "name",
                  "type": "t_string_storage",
                  "offset": 0,
                  "slot": "0"
                },
                {
                  "label": "donor",
                  "type": "t_address",
                  "offset": 0,
                  "slot": "1"
                },
                {
                  "label": "expirationDate",
                  "type": "t_uint256",
                  "offset": 0,
                  "slot": "2"
                },
                {
                  "label": "productionLocation",
                  "type": "t_string_storage",
                  "offset": 0,
                  "slot": "3"
                },
                {
                  "label": "batchNumber",
                  "type": "t_string_storage",
                  "offset": 0,
                  "slot": "4"
                },
                {
                  "label": "received",
                  "type": "t_bool",
                  "offset": 0,
                  "slot": "5"
                }
              ],
              "numberOfBytes": "192"
            },
            "t_struct(User)832_storage": {
              "label": "struct UserChain.User",
              "members": [
                {
                  "label": "username",
                  "type": "t_string_storage",
                  "offset": 0,
                  "slot": "0"
                },
                {
                  "label": "idNumber",
                  "type": "t_string_storage",
                  "offset": 0,
                  "slot": "1"
                },
                {
                  "label": "userAddress",
                  "type": "t_address",
                  "offset": 0,
                  "slot": "2"
                },
                {
                  "label": "creditScore",
                  "type": "t_uint256",
                  "offset": 0,
                  "slot": "3"
                }
              ],
              "numberOfBytes": "128"
            },
            "t_uint256": {
              "label": "uint256",
              "numberOfBytes": "32"
            }
          },
          "layoutVersion": "1.2",
          "flat": true,
          "namespaces": {}
        },
        "solcVersion": "0.8.24"
      }
    },
    {
      "contracts/LogisticsChain.sol:LogisticsChain": {
        "src": "contracts/LogisticsChain.sol:4",
        "version": {
          "withMetadata": "e9cf731c3b0410ab76e078e94518d30a0d68bec90750060d30b8b1ef1dcacbc3",
          "withoutMetadata": "e9cf731c3b0410ab76e078e94518d30a0d68bec90750060d30b8b1ef1dcacbc3",
          "linkedWithoutMetadata": "e9cf731c3b0410ab76e078e94518d30a0d68bec90750060d30b8b1ef1dcacbc3"
        },
        "inherit": [],
        "libraries": [],
        "methods": [
          "(address)",
          "createTransport(address,string,string)",
          "updateLogistics(uint256,string,string)",
          "relayUpdate(uint256,string,string,uint256)",
          "receiveDonation(address,string,string)",
          "handleMedicineReceived(address,string,string)"
        ],
        "linkReferences": [],
        "errors": [
          {
            "kind": "constructor",
            "contract": "LogisticsChain",
            "src": "contracts/LogisticsChain.sol:21"
          }
        ],
        "layout": {
          "storage": [
            {
              "label": "relayChainAddress",
              "offset": 0,
              "slot": "0",
              "type": "t_address",
              "contract": "LogisticsChain",
              "src": "contracts/LogisticsChain.sol:20"
            },
            {
              "label": "transportRecords",
              "offset": 0,
              "slot": "1",
              "type": "t_mapping(t_uint256,t_struct(TransportRecord)17_storage)",
              "contract": "LogisticsChain",
              "src": "contracts/LogisticsChain.sol:24"
            },
            {
              "label": "transportCount",
              "offset": 0,
              "slot": "2",
              "type": "t_uint256",
              "contract": "LogisticsChain",
              "src": "contracts/LogisticsChain.sol:25"
            }
          ],
          "types": {
            "t_address": {
              "label": "address",
              "numberOfBytes": "20"
            },
            "t_array(t_struct(LogisticsInfo)8_storage)dyn_storage": {
              "label": "struct LogisticsChain.LogisticsInfo[]",
              "numberOfBytes": "32"
            },
            "t_mapping(t_uint256,t_struct(TransportRecord)17_storage)": {
              "label": "mapping(uint256 => struct LogisticsChain.TransportRecord)",
              "numberOfBytes": "32"
            },
            "t_string_storage": {
              "label": "string",
              "numberOfBytes": "32"
            },
            "t_struct(LogisticsInfo)8_storage": {
              "label": "struct LogisticsChain.LogisticsInfo",
              "members": [
                {
                  "label": "status",
                  "type": "t_string_storage",
                  "offset": 0,
                  "slot": "0"
                },
                {
                  "label": "timestamp",
                  "type": "t_uint256",
                  "offset": 0,
                  "slot": "1"
                },
                {
                  "label": "location",
                  "type": "t_string_storage",
                  "offset": 0,
                  "slot": "2"
                }
              ],
              "numberOfBytes": "96"
            },
            "t_struct(TransportRecord)17_storage": {
              "label": "struct LogisticsChain.TransportRecord",
              "members": [
                {
                  "label": "sender",
                  "type": "t_address",
                  "offset": 0,
                  "slot": "0"
                },
                {
                  "label": "receiver",
                  "type": "t_address",
                  "offset": 0,
                  "slot": "1"
                },
                {
                  "label": "logistics",
                  "type": "t_array(t_struct(LogisticsInfo)8_storage)dyn_storage",
                  "offset": 0,
                  "slot": "2"
                }
              ],
              "numberOfBytes": "96"
            },
            "t_uint256": {
              "label": "uint256",
              "numberOfBytes": "32"
            }
          },
          "layoutVersion": "1.2",
          "flat": true,
          "namespaces": {}
        },
        "solcVersion": "0.8.24"
      }
    },
    {
      "@openzeppelin/contracts/access/Ownable.sol:Ownable": {
        "src": "@openzeppelin/contracts/access/Ownable.sol:20",
        "inherit": [
          "@openzeppelin/contracts/utils/Context.sol:Context"
        ],
        "libraries": [],
        "methods": [
          "owner()",
          "renounceOwnership()",
          "transferOwnership(address)"
        ],
        "linkReferences": [],
        "errors": [
          {
            "kind": "constructor",
            "contract": "Ownable",
            "src": "@openzeppelin/contracts/access/Ownable.sol:28"
          }
        ],
        "layout": {
          "storage": [
            {
              "label": "_owner",
              "offset": 0,
              "slot": "0",
              "type": "t_address",
              "contract": "Ownable",
              "src": "@openzeppelin/contracts/access/Ownable.sol:21"
            }
          ],
          "types": {
            "t_address": {
              "label": "address",
              "numberOfBytes": "20"
            }
          },
          "layoutVersion": "1.2",
          "flat": true,
          "namespaces": {}
        },
        "solcVersion": "0.8.24"
      },
      "@openzeppelin/contracts/interfaces/IERC1967.sol:IERC1967": {
        "src": "@openzeppelin/contracts/interfaces/IERC1967.sol:11",
        "inherit": [],
        "libraries": [],
        "methods": [],
        "linkReferences": [],
        "errors": [],
        "layout": {
          "storage": [],
          "types": {},
          "layoutVersion": "1.2",
          "flat": false,
          "namespaces": {}
        },
        "solcVersion": "0.8.24"
      },
      "@openzeppelin/contracts/interfaces/draft-IERC1822.sol:IERC1822Proxiable": {
        "src": "@openzeppelin/contracts/interfaces/draft-IERC1822.sol:10",
        "inherit": [],
        "libraries": [],
        "methods": [
          "proxiableUUID()"
        ],
        "linkReferences": [],
        "errors": [],
        "layout": {
          "storage": [],
          "types": {},
          "layoutVersion": "1.2",
          "flat": false,
          "namespaces": {}
        },
        "solcVersion": "0.8.24"
      },
      "@openzeppelin/contracts/proxy/ERC1967/ERC1967Proxy.sol:ERC1967Proxy": {
        "src": "@openzeppelin/contracts/proxy/ERC1967/ERC1967Proxy.sol:15",
        "version": {
          "withMetadata": "a3f2634b30830e55f18d10242d9e922bdb4b0e317ba90d1fbd86ee59b607d614",
          "withoutMetadata": "a3f2634b30830e55f18d10242d9e922bdb4b0e317ba90d1fbd86ee59b607d614",
          "linkedWithoutMetadata": "a3f2634b30830e55f18d10242d9e922bdb4b0e317ba90d1fbd86ee59b607d614"
        },
        "inherit": [
          "@openzeppelin/contracts/proxy/ERC1967/ERC1967Upgrade.sol:ERC1967Upgrade",
          "@openzeppelin/contracts/interfaces/IERC1967.sol:IERC1967",
          "@openzeppelin/contracts/proxy/Proxy.sol:Proxy"
        ],
        "libraries": [],
        "methods": [
          "(address,bytes)"
        ],
        "linkReferences": [],
        "errors": [
          {
            "kind": "constructor",
            "contract": "ERC1967Proxy",
            "src": "@openzeppelin/contracts/proxy/ERC1967/ERC1967Proxy.sol:22"
          },
          {
            "kind": "delegatecall",
            "src": "@openzeppelin/contracts/utils/Address.sol:185"
          }
        ],
        "layout": {
          "storage": [],
          "types": {},
          "layoutVersion": "1.2",
          "flat": false,
          "namespaces": {}
        },
        "solcVersion": "0.8.24"
      },
      "@openzeppelin/contracts/proxy/ERC1967/ERC1967Upgrade.sol:ERC1967Upgrade": {
        "src": "@openzeppelin/contracts/proxy/ERC1967/ERC1967Upgrade.sol:18",
        "inherit": [
          "@openzeppelin/contracts/interfaces/IERC1967.sol:IERC1967"
        ],
        "libraries": [],
        "methods": [],
        "linkReferences": [],
        "errors": [
          {
            "kind": "delegatecall",
            "src": "@openzeppelin/contracts/utils/Address.sol:185"
          },
          {
            "kind": "delegatecall",
            "src": "@openzeppelin/contracts/utils/Address.sol:185"
          },
          {
            "kind": "delegatecall",
            "src": "@openzeppelin/contracts/utils/Address.sol:185"
          }
        ],
        "layout": {
          "storage": [],
          "types": {},
          "layoutVersion": "1.2",
          "flat": false,
          "namespaces": {}
        },
        "solcVersion": "0.8.24"
      },
      "@openzeppelin/contracts/proxy/Proxy.sol:Proxy": {
        "src": "@openzeppelin/contracts/proxy/Proxy.sol:16",
        "inherit": [],
        "libraries": [],
        "methods": [
          "()",
          "()"
        ],
        "linkReferences": [],
        "errors": [],
        "layout": {
          "storage": [],
          "types": {},
          "layoutVersion": "1.2",
          "flat": false,
          "namespaces": {}
        },
        "solcVersion": "0.8.24"
      },
      "@openzeppelin/contracts/proxy/beacon/BeaconProxy.sol:BeaconProxy": {
        "src": "@openzeppelin/contracts/proxy/beacon/BeaconProxy.sol:18",
        "version": {
          "withMetadata": "8efb78a117989a562c5a6344c1f1da556ceeb029b9421b48459441ffeb190050",
          "withoutMetadata": "8efb78a117989a562c5a6344c1f1da556ceeb029b9421b48459441ffeb190050",
          "linkedWithoutMetadata": "8efb78a117989a562c5a6344c1f1da556ceeb029b9421b48459441ffeb190050"
        },
        "inherit": [
          "@openzeppelin/contracts/proxy/ERC1967/ERC1967Upgrade.sol:ERC1967Upgrade",
          "@openzeppelin/contracts/interfaces/IERC1967.sol:IERC1967",
          "@openzeppelin/contracts/proxy/Proxy.sol:Proxy"
        ],
        "libraries": [],
        "methods": [
          "(address,bytes)"
        ],
        "linkReferences": [],
        "errors": [
          {
            "kind": "constructor",
            "contract": "BeaconProxy",
            "src": "@openzeppelin/contracts/proxy/beacon/BeaconProxy.sol:30"
          },
          {
            "kind": "delegatecall",
            "src": "@openzeppelin/contracts/utils/Address.sol:185"
          },
          {
            "kind": "delegatecall",
            "src": "@openzeppelin/contracts/utils/Address.sol:185"
          }
        ],
        "layout": {
          "storage": [],
          "types": {},
          "layoutVersion": "1.2",
          "flat": false,
          "namespaces": {}
        },
        "solcVersion": "0.8.24"
      },
      "@openzeppelin/contracts/proxy/beacon/IBeacon.sol:IBeacon": {
        "src": "@openzeppelin/contracts/proxy/beacon/IBeacon.sol:9",
        "inherit": [],
        "libraries": [],
        "methods": [
          "implementation()"
        ],
        "linkReferences": [],
        "errors": [],
        "layout": {
          "storage": [],
          "types": {},
          "layoutVersion": "1.2",
          "flat": false,
          "namespaces": {}
        },
        "solcVersion": "0.8.24"
      },
      "@openzeppelin/contracts/proxy/beacon/UpgradeableBeacon.sol:UpgradeableBeacon": {
        "src": "@openzeppelin/contracts/proxy/beacon/UpgradeableBeacon.sol:16",
        "version": {
          "withMetadata": "56be0d57a7ce8770b341826efeeab94f545b0c7873e7a18fb9abc686d415c217",
          "withoutMetadata": "56be0d57a7ce8770b341826efeeab94f545b0c7873e7a18fb9abc686d415c217",
          "linkedWithoutMetadata": "56be0d57a7ce8770b341826efeeab94f545b0c7873e7a18fb9abc686d415c217"
        },
        "inherit": [
          "@openzeppelin/contracts/access/Ownable.sol:Ownable",
          "@openzeppelin/contracts/utils/Context.sol:Context",
          "@openzeppelin/contracts/proxy/beacon/IBeacon.sol:IBeacon"
        ],
        "libraries": [],
        "methods": [
          "(address)",
          "implementation()",
          "upgradeTo(address)"
        ],
        "linkReferences": [],
        "errors": [
          {
            "kind": "constructor",
            "contract": "UpgradeableBeacon",
            "src": "@openzeppelin/contracts/proxy/beacon/UpgradeableBeacon.sol:28"
          }
        ],
        "layout": {
          "storage": [
            {
              "label": "_owner",
              "offset": 0,
              "slot": "0",
              "type": "t_address",
              "contract": "Ownable",
              "src": "@openzeppelin/contracts/access/Ownable.sol:21"
            },
            {
              "label": "_implementation",
              "offset": 0,
              "slot": "1",
              "type": "t_address",
              "contract": "UpgradeableBeacon",
              "src": "@openzeppelin/contracts/proxy/beacon/UpgradeableBeacon.sol:17"
            }
          ],
          "types": {
            "t_address": {
              "label": "address",
              "numberOfBytes": "20"
            }
          },
          "layoutVersion": "1.2",
          "flat": true,
          "namespaces": {}
        },
        "solcVersion": "0.8.24"
      },
      "@openzeppelin/contracts/proxy/transparent/ProxyAdmin.sol:ProxyAdmin": {
        "src": "@openzeppelin/contracts/proxy/transparent/ProxyAdmin.sol:13",
        "version": {
          "withMetadata": "4bdb9cc7933fae17daaf0afea60650e1e1277ee0a780c2293ecf8d7f3f2e648b",
          "withoutMetadata": "4bdb9cc7933fae17daaf0afea60650e1e1277ee0a780c2293ecf8d7f3f2e648b",
          "linkedWithoutMetadata": "4bdb9cc7933fae17daaf0afea60650e1e1277ee0a780c2293ecf8d7f3f2e648b"
        },
        "inherit": [
          "@openzeppelin/contracts/access/Ownable.sol:Ownable",
          "@openzeppelin/contracts/utils/Context.sol:Context"
        ],
        "libraries": [],
        "methods": [
          "getProxyImplementation(address)",
          "getProxyAdmin(address)",
          "changeProxyAdmin(address,address)",
          "upgrade(address,address)",
          "upgradeAndCall(address,address,bytes)"
        ],
        "linkReferences": [],
        "errors": [],
        "layout": {
          "storage": [
            {
              "label": "_owner",
              "offset": 0,
              "slot": "0",
              "type": "t_address",
              "contract": "Ownable",
              "src": "@openzeppelin/contracts/access/Ownable.sol:21"
            }
          ],
          "types": {
            "t_address": {
              "label": "address",
              "numberOfBytes": "20"
            }
          },
          "layoutVersion": "1.2",
          "flat": true,
          "namespaces": {}
        },
        "solcVersion": "0.8.24"
      },
      "@openzeppelin/contracts/proxy/transparent/TransparentUpgradeableProxy.sol:ITransparentUpgradeableProxy": {
        "src": "@openzeppelin/contracts/proxy/transparent/TransparentUpgradeableProxy.sol:14",
        "inherit": [
          "@openzeppelin/contracts/interfaces/IERC1967.sol:IERC1967"
        ],
        "libraries": [],
        "methods": [
          "admin()",
          "implementation()",
          "changeAdmin(address)",
          "upgradeTo(address)",
          "upgradeToAndCall(address,bytes)"
        ],
        "linkReferences": [],
        "errors": [],
        "layout": {
          "storage": [],
          "types": {},
          "layoutVersion": "1.2",
          "flat": false,
          "namespaces": {}
        },
        "solcVersion": "0.8.24"
      },
      "@openzeppelin/contracts/proxy/transparent/TransparentUpgradeableProxy.sol:TransparentUpgradeableProxy": {
        "src": "@openzeppelin/contracts/proxy/transparent/TransparentUpgradeableProxy.sol:58",
        "version": {
          "withMetadata": "5bdd4e8b15e92001a61fbb558c82c52154c68373cf471f4eb05ec84432dcd6cb",
          "withoutMetadata": "5bdd4e8b15e92001a61fbb558c82c52154c68373cf471f4eb05ec84432dcd6cb",
          "linkedWithoutMetadata": "5bdd4e8b15e92001a61fbb558c82c52154c68373cf471f4eb05ec84432dcd6cb"
        },
        "inherit": [
          "@openzeppelin/contracts/proxy/ERC1967/ERC1967Proxy.sol:ERC1967Proxy",
          "@openzeppelin/contracts/proxy/ERC1967/ERC1967Upgrade.sol:ERC1967Upgrade",
          "@openzeppelin/contracts/interfaces/IERC1967.sol:IERC1967",
          "@openzeppelin/contracts/proxy/Proxy.sol:Proxy"
        ],
        "libraries": [],
        "methods": [
          "(address,address,bytes)"
        ],
        "linkReferences": [],
        "errors": [
          {
            "kind": "constructor",
            "contract": "TransparentUpgradeableProxy",
            "src": "@openzeppelin/contracts/proxy/transparent/TransparentUpgradeableProxy.sol:63"
          },
          {
            "kind": "delegatecall",
            "src": "@openzeppelin/contracts/utils/Address.sol:185"
          },
          {
            "kind": "delegatecall",
            "src": "@openzeppelin/contracts/utils/Address.sol:185"
          },
          {
            "kind": "delegatecall",
            "src": "@openzeppelin/contracts/utils/Address.sol:185"
          },
          {
            "kind": "delegatecall",
            "src": "@openzeppelin/contracts/utils/Address.sol:185"
          },
          {
            "kind": "delegatecall",
            "src": "@openzeppelin/contracts/utils/Address.sol:185"
          },
          {
            "kind": "delegatecall",
            "src": "@openzeppelin/contracts/utils/Address.sol:185"
          }
        ],
        "layout": {
          "storage": [],
          "types": {},
          "layoutVersion": "1.2",
          "flat": false,
          "namespaces": {}
        },
        "solcVersion": "0.8.24"
      },
      "@openzeppelin/contracts/utils/Address.sol:Address": {
        "src": "@openzeppelin/contracts/utils/Address.sol:9",
        "version": {
          "withMetadata": "9a1e3c202171d05d43c8d7c6b3486ec926860706ee1f8512c465d156d771f61c",
          "withoutMetadata": "9a1e3c202171d05d43c8d7c6b3486ec926860706ee1f8512c465d156d771f61c",
          "linkedWithoutMetadata": "9a1e3c202171d05d43c8d7c6b3486ec926860706ee1f8512c465d156d771f61c"
        },
        "inherit": [],
        "libraries": [],
        "methods": [],
        "linkReferences": [],
        "errors": [
          {
            "kind": "delegatecall",
            "src": "@openzeppelin/contracts/utils/Address.sol:185"
          },
          {
            "kind": "delegatecall",
            "src": "@openzeppelin/contracts/utils/Address.sol:185"
          }
        ],
        "layout": {
          "storage": [],
          "types": {},
          "layoutVersion": "1.2",
          "flat": false,
          "namespaces": {}
        },
        "solcVersion": "0.8.24"
      },
      "@openzeppelin/contracts/utils/Context.sol:Context": {
        "src": "@openzeppelin/contracts/utils/Context.sol:16",
        "inherit": [],
        "libraries": [],
        "methods": [],
        "linkReferences": [],
        "errors": [],
        "layout": {
          "storage": [],
          "types": {},
          "layoutVersion": "1.2",
          "flat": false,
          "namespaces": {}
        },
        "solcVersion": "0.8.24"
      },
      "@openzeppelin/contracts/utils/StorageSlot.sol:StorageSlot": {
        "src": "@openzeppelin/contracts/utils/StorageSlot.sol:34",
        "version": {
          "withMetadata": "fa884cd00d3711965a84e785a7dfc0da8ecb255d0ec55adef5a167a0f8ae5a5e",
          "withoutMetadata": "fa884cd00d3711965a84e785a7dfc0da8ecb255d0ec55adef5a167a0f8ae5a5e",
          "linkedWithoutMetadata": "fa884cd00d3711965a84e785a7dfc0da8ecb255d0ec55adef5a167a0f8ae5a5e"
        },
        "inherit": [],
        "libraries": [],
        "methods": [],
        "linkReferences": [],
        "errors": [],
        "layout": {
          "storage": [],
          "types": {},
          "layoutVersion": "1.2",
          "flat": false,
          "namespaces": {}
        },
        "solcVersion": "0.8.24"
      },
      "contracts/GovernmentChain.sol:GovernmentChain": {
        "src": "contracts/GovernmentChain.sol:4",
        "version": {
          "withMetadata": "bcc59ca14506f8dec4e9d7c89330797cbb1d2b1818b45c0dced44b152d744f37",
          "withoutMetadata": "bcc59ca14506f8dec4e9d7c89330797cbb1d2b1818b45c0dced44b152d744f37",
          "linkedWithoutMetadata": "bcc59ca14506f8dec4e9d7c89330797cbb1d2b1818b45c0dced44b152d744f37"
        },
        "inherit": [],
        "libraries": [],
        "methods": [
          "(address)",
          "verifyUser(address,string,string)",
          "updateUserCredit(address,uint256)",
          "receiveDonation(address,string,string)",
          "updateLogistics(address,string,string)",
          "handleMedicineReceived(address,string,string)",
          "approveMedicineRecovery(address,string,string)"
        ],
        "linkReferences": [],
        "errors": [
          {
            "kind": "constructor",
            "contract": "GovernmentChain",
            "src": "contracts/GovernmentChain.sol:20"
          }
        ],
        "layout": {
          "storage": [
            {
              "label": "relayChainAddress",
              "offset": 0,
              "slot": "0",
              "type": "t_address",
              "contract": "GovernmentChain",
              "src": "contracts/GovernmentChain.sol:19"
            },
            {
              "label": "users",
              "offset": 0,
              "slot": "1",
              "type": "t_mapping(t_address,t_struct(User)1623_storage)",
              "contract": "GovernmentChain",
              "src": "contracts/GovernmentChain.sol:24"
            },
            {
              "label": "donations",
              "offset": 0,
              "slot": "2",
              "type": "t_mapping(t_address,t_array(t_struct(Donation)1630_storage)dyn_storage)",
              "contract": "GovernmentChain",
              "src": "contracts/GovernmentChain.sol:27"
            },
            {
              "label": "logisticsRecords",
              "offset": 0,
              "slot": "3",
              "type": "t_mapping(t_address,t_array(t_struct(LogisticsInfo)1637_storage)dyn_storage)",
              "contract": "GovernmentChain",
              "src": "contracts/GovernmentChain.sol:30"
            }
          ],
          "types": {
            "t_address": {
              "label": "address",
              "numberOfBytes": "20"
            },
            "t_array(t_struct(Donation)1630_storage)dyn_storage": {
              "label": "struct GovernmentChain.Donation[]",
              "numberOfBytes": "32"
            },
            "t_array(t_struct(LogisticsInfo)1637_storage)dyn_storage": {
              "label": "struct GovernmentChain.LogisticsInfo[]",
              "numberOfBytes": "32"
            },
            "t_mapping(t_address,t_array(t_struct(Donation)1630_storage)dyn_storage)": {
              "label": "mapping(address => struct GovernmentChain.Donation[])",
              "numberOfBytes": "32"
            },
            "t_mapping(t_address,t_array(t_struct(LogisticsInfo)1637_storage)dyn_storage)": {
              "label": "mapping(address => struct GovernmentChain.LogisticsInfo[])",
              "numberOfBytes": "32"
            },
            "t_mapping(t_address,t_struct(User)1623_storage)": {
              "label": "mapping(address => struct GovernmentChain.User)",
              "numberOfBytes": "32"
            },
            "t_string_storage": {
              "label": "string",
              "numberOfBytes": "32"
            },
            "t_struct(Donation)1630_storage": {
              "label": "struct GovernmentChain.Donation",
              "members": [
                {
                  "label": "medicineName",
                  "type": "t_string_storage",
                  "offset": 0,
                  "slot": "0"
                },
                {
                  "label": "batchNumber",
                  "type": "t_string_storage",
                  "offset": 0,
                  "slot": "1"
                },
                {
                  "label": "timestamp",
                  "type": "t_uint256",
                  "offset": 0,
                  "slot": "2"
                }
              ],
              "numberOfBytes": "96"
            },
            "t_struct(LogisticsInfo)1637_storage": {
              "label": "struct GovernmentChain.LogisticsInfo",
              "members": [
                {
                  "label": "status",
                  "type": "t_string_storage",
                  "offset": 0,
                  "slot": "0"
                },
                {
                  "label": "timestamp",
                  "type": "t_uint256",
                  "offset": 0,
                  "slot": "1"
                },
                {
                  "label": "location",
                  "type": "t_string_storage",
                  "offset": 0,
                  "slot": "2"
                }
              ],
              "numberOfBytes": "96"
            },
            "t_struct(User)1623_storage": {
              "label": "struct GovernmentChain.User",
              "members": [
                {
                  "label": "username",
                  "type": "t_string_storage",
                  "offset": 0,
                  "slot": "0"
                },
                {
                  "label": "creditScore",
                  "type": "t_uint256",
                  "offset": 0,
                  "slot": "1"
                }
              ],
              "numberOfBytes": "64"
            },
            "t_uint256": {
              "label": "uint256",
              "numberOfBytes": "32"
            }
          },
          "layoutVersion": "1.2",
          "flat": true,
          "namespaces": {}
        },
        "solcVersion": "0.8.24"
      },
      "contracts/LogisticsChain.sol:LogisticsChain": {
        "src": "contracts/LogisticsChain.sol:4",
        "version": {
          "withMetadata": "b14e6a46ed8a3adcd08b453cf4e53b37717e2b848a5cc0cb35e4322d4b645245",
          "withoutMetadata": "b14e6a46ed8a3adcd08b453cf4e53b37717e2b848a5cc0cb35e4322d4b645245",
          "linkedWithoutMetadata": "b14e6a46ed8a3adcd08b453cf4e53b37717e2b848a5cc0cb35e4322d4b645245"
        },
        "inherit": [],
        "libraries": [],
        "methods": [
          "(address)",
          "createTransport(address,string,string)",
          "updateLogistics(uint256,string,string)",
          "relayUpdate(uint256,string,string,uint256)",
          "receiveDonation(address,string,string)",
          "handleMedicineReceived(address,string,string)"
        ],
        "linkReferences": [],
        "errors": [
          {
            "kind": "constructor",
            "contract": "LogisticsChain",
            "src": "contracts/LogisticsChain.sol:21"
          }
        ],
        "layout": {
          "storage": [
            {
              "label": "relayChainAddress",
              "offset": 0,
              "slot": "0",
              "type": "t_address",
              "contract": "LogisticsChain",
              "src": "contracts/LogisticsChain.sol:20"
            },
            {
              "label": "transportRecords",
              "offset": 0,
              "slot": "1",
              "type": "t_mapping(t_uint256,t_struct(TransportRecord)1962_storage)",
              "contract": "LogisticsChain",
              "src": "contracts/LogisticsChain.sol:24"
            },
            {
              "label": "transportCount",
              "offset": 0,
              "slot": "2",
              "type": "t_uint256",
              "contract": "LogisticsChain",
              "src": "contracts/LogisticsChain.sol:25"
            }
          ],
          "types": {
            "t_address": {
              "label": "address",
              "numberOfBytes": "20"
            },
            "t_array(t_struct(LogisticsInfo)1953_storage)dyn_storage": {
              "label": "struct LogisticsChain.LogisticsInfo[]",
              "numberOfBytes": "32"
            },
            "t_mapping(t_uint256,t_struct(TransportRecord)1962_storage)": {
              "label": "mapping(uint256 => struct LogisticsChain.TransportRecord)",
              "numberOfBytes": "32"
            },
            "t_string_storage": {
              "label": "string",
              "numberOfBytes": "32"
            },
            "t_struct(LogisticsInfo)1953_storage": {
              "label": "struct LogisticsChain.LogisticsInfo",
              "members": [
                {
                  "label": "status",
                  "type": "t_string_storage",
                  "offset": 0,
                  "slot": "0"
                },
                {
                  "label": "timestamp",
                  "type": "t_uint256",
                  "offset": 0,
                  "slot": "1"
                },
                {
                  "label": "location",
                  "type": "t_string_storage",
                  "offset": 0,
                  "slot": "2"
                }
              ],
              "numberOfBytes": "96"
            },
            "t_struct(TransportRecord)1962_storage": {
              "label": "struct LogisticsChain.TransportRecord",
              "members": [
                {
                  "label": "sender",
                  "type": "t_address",
                  "offset": 0,
                  "slot": "0"
                },
                {
                  "label": "receiver",
                  "type": "t_address",
                  "offset": 0,
                  "slot": "1"
                },
                {
                  "label": "logistics",
                  "type": "t_array(t_struct(LogisticsInfo)1953_storage)dyn_storage",
                  "offset": 0,
                  "slot": "2"
                }
              ],
              "numberOfBytes": "96"
            },
            "t_uint256": {
              "label": "uint256",
              "numberOfBytes": "32"
            }
          },
          "layoutVersion": "1.2",
          "flat": true,
          "namespaces": {}
        },
        "solcVersion": "0.8.24"
      },
      "contracts/RelayChain.sol:RelayChain": {
        "src": "contracts/RelayChain.sol:4",
        "version": {
          "withMetadata": "5c20c0354c2bd8055828c12cc48a46947216de8ff8cb7d004cc8872fb634a9f6",
          "withoutMetadata": "5c20c0354c2bd8055828c12cc48a46947216de8ff8cb7d004cc8872fb634a9f6",
          "linkedWithoutMetadata": "5c20c0354c2bd8055828c12cc48a46947216de8ff8cb7d004cc8872fb634a9f6"
        },
        "inherit": [],
        "libraries": [],
        "methods": [
          "()",
          "recordDonation(string,string)",
          "recordMedicineReceived(address,string,string)",
          "updateLogistics(uint256,string,string)"
        ],
        "linkReferences": [],
        "errors": [
          {
            "kind": "constructor",
            "contract": "RelayChain",
            "src": "contracts/RelayChain.sol:27"
          }
        ],
        "layout": {
          "storage": [
            {
              "label": "owner",
              "offset": 0,
              "slot": "0",
              "type": "t_address",
              "contract": "RelayChain",
              "src": "contracts/RelayChain.sol:6"
            },
            {
              "label": "chains",
              "offset": 0,
              "slot": "1",
              "type": "t_mapping(t_string_memory_ptr,t_address)",
              "contract": "RelayChain",
              "src": "contracts/RelayChain.sol:8"
            }
          ],
          "types": {
            "t_address": {
              "label": "address",
              "numberOfBytes": "20"
            },
            "t_mapping(t_string_memory_ptr,t_address)": {
              "label": "mapping(string => address)",
              "numberOfBytes": "32"
            },
            "t_string_memory_ptr": {
              "label": "string",
              "numberOfBytes": "32"
            },
            "t_string_storage": {
              "label": "string"
            }
          },
          "layoutVersion": "1.2",
          "flat": true,
          "namespaces": {}
        },
        "solcVersion": "0.8.24"
      },
      "contracts/SimpleContract.sol:SimpleContract": {
        "src": "contracts/SimpleContract.sol:4",
        "version": {
          "withMetadata": "82069e9fe46513972ff504823bc7d52d13fd02ae8012c8e7b4c7c8797636bf9f",
          "withoutMetadata": "82069e9fe46513972ff504823bc7d52d13fd02ae8012c8e7b4c7c8797636bf9f",
          "linkedWithoutMetadata": "82069e9fe46513972ff504823bc7d52d13fd02ae8012c8e7b4c7c8797636bf9f"
        },
        "inherit": [],
        "libraries": [],
        "methods": [
          "getStaticNumber()"
        ],
        "linkReferences": [],
        "errors": [],
        "layout": {
          "storage": [],
          "types": {},
          "layoutVersion": "1.2",
          "flat": false,
          "namespaces": {}
        },
        "solcVersion": "0.8.24"
      },
      "contracts/UserChain.sol:UserChain": {
        "src": "contracts/UserChain.sol:4",
        "version": {
          "withMetadata": "05dd258b14550329e2ac10a549541b4560e5af01feca72be44d66a599125d2b1",
          "withoutMetadata": "05dd258b14550329e2ac10a549541b4560e5af01feca72be44d66a599125d2b1",
          "linkedWithoutMetadata": "05dd258b14550329e2ac10a549541b4560e5af01feca72be44d66a599125d2b1"
        },
        "inherit": [],
        "libraries": [],
        "methods": [
          "(address,address,address)",
          "registerUser(string,string)",
          "donateMedicine(string,string,uint256,string)",
          "receiveMedicine(string,string)",
          "receiveDonation(address,string,string)"
        ],
        "linkReferences": [],
        "errors": [
          {
            "kind": "constructor",
            "contract": "UserChain",
            "src": "contracts/UserChain.sol:8"
          }
        ],
        "layout": {
          "storage": [
            {
              "label": "relayChainAddress",
              "offset": 0,
              "slot": "0",
              "type": "t_address",
              "contract": "UserChain",
              "src": "contracts/UserChain.sol:5"
            },
            {
              "label": "governmentChainAddress",
              "offset": 0,
              "slot": "1",
              "type": "t_address",
              "contract": "UserChain",
              "src": "contracts/UserChain.sol:6"
            },
            {
              "label": "logisticsChainAddress",
              "offset": 0,
              "slot": "2",
              "type": "t_address",
              "contract": "UserChain",
              "src": "contracts/UserChain.sol:7"
            },
            {
              "label": "users",
              "offset": 0,
              "slot": "3",
              "type": "t_mapping(t_address,t_struct(User)2530_storage)",
              "contract": "UserChain",
              "src": "contracts/UserChain.sol:30"
            },
            {
              "label": "donations",
              "offset": 0,
              "slot": "4",
              "type": "t_mapping(t_address,t_array(t_struct(Medicine)2521_storage)dyn_storage)",
              "contract": "UserChain",
              "src": "contracts/UserChain.sol:31"
            }
          ],
          "types": {
            "t_address": {
              "label": "address",
              "numberOfBytes": "20"
            },
            "t_array(t_struct(Medicine)2521_storage)dyn_storage": {
              "label": "struct UserChain.Medicine[]",
              "numberOfBytes": "32"
            },
            "t_bool": {
              "label": "bool",
              "numberOfBytes": "1"
            },
            "t_mapping(t_address,t_array(t_struct(Medicine)2521_storage)dyn_storage)": {
              "label": "mapping(address => struct UserChain.Medicine[])",
              "numberOfBytes": "32"
            },
            "t_mapping(t_address,t_struct(User)2530_storage)": {
              "label": "mapping(address => struct UserChain.User)",
              "numberOfBytes": "32"
            },
            "t_string_storage": {
              "label": "string",
              "numberOfBytes": "32"
            },
            "t_struct(Medicine)2521_storage": {
              "label": "struct UserChain.Medicine",
              "members": [
                {
                  "label": "name",
                  "type": "t_string_storage",
                  "offset": 0,
                  "slot": "0"
                },
                {
                  "label": "donor",
                  "type": "t_address",
                  "offset": 0,
                  "slot": "1"
                },
                {
                  "label": "expirationDate",
                  "type": "t_uint256",
                  "offset": 0,
                  "slot": "2"
                },
                {
                  "label": "productionLocation",
                  "type": "t_string_storage",
                  "offset": 0,
                  "slot": "3"
                },
                {
                  "label": "batchNumber",
                  "type": "t_string_storage",
                  "offset": 0,
                  "slot": "4"
                },
                {
                  "label": "received",
                  "type": "t_bool",
                  "offset": 0,
                  "slot": "5"
                }
              ],
              "numberOfBytes": "192"
            },
            "t_struct(User)2530_storage": {
              "label": "struct UserChain.User",
              "members": [
                {
                  "label": "username",
                  "type": "t_string_storage",
                  "offset": 0,
                  "slot": "0"
                },
                {
                  "label": "idNumber",
                  "type": "t_string_storage",
                  "offset": 0,
                  "slot": "1"
                },
                {
                  "label": "userAddress",
                  "type": "t_address",
                  "offset": 0,
                  "slot": "2"
                },
                {
                  "label": "creditScore",
                  "type": "t_uint256",
                  "offset": 0,
                  "slot": "3"
                }
              ],
              "numberOfBytes": "128"
            },
            "t_uint256": {
              "label": "uint256",
              "numberOfBytes": "32"
            }
          },
          "layoutVersion": "1.2",
          "flat": true,
          "namespaces": {}
        },
        "solcVersion": "0.8.24"
      }
    }
  ]
}