{
  "language": "Solidity",
  "sources": {
    "contracts/RelayChain.sol": {
      "content": "// SPDX-License-Identifier: MIT\npragma solidity ^0.8.7;\n\ncontract RelayChain {\n    // Governance management and chain synchronization logic here\n}"
    }
  },
  "settings": {
    "evmVersion": "paris",
    "optimizer": {
      "enabled": false,
      "runs": 200
    },
    "outputSelection": {
      "*": {
        "*": [
          "abi",
          "evm.bytecode",
          "evm.deployedBytecode",
          "evm.methodIdentifiers",
          "metadata",
          "devdoc",
          "userdoc",
          "storageLayout",
          "evm.gasEstimates"
        ],
        "": [
          "ast"
        ]
      }
    },
    "metadata": {
      "useLiteralContent": true
    }
  }
}