{
  "_format": "hh-sol-cache-2",
  "files": {
    "/home/chang/medicine-donation-and-recycling/contracts/GovernmentChain.sol": {
      "lastModificationDate": 1722293093107,
      "contentHash": "970614bae4efb9e7e12ed86b37600779",
      "sourceName": "contracts/GovernmentChain.sol",
      "solcConfig": {
        "version": "0.8.24",
        "settings": {
          "evmVersion": "paris",
          "optimizer": {
            "enabled": false,
            "runs": 200
          },
          "outputSelection": {
            "*": {
              "*": [
                "abi",
                "evm.bytecode",
                "evm.deployedBytecode",
                "evm.methodIdentifiers",
                "metadata",
                "devdoc",
                "userdoc",
                "storageLayout",
                "evm.gasEstimates"
              ],
              "": [
                "ast"
              ]
            }
          },
          "metadata": {
            "useLiteralContent": true
          }
        }
      },
      "imports": [],
      "versionPragmas": [
        "^0.8.18"
      ],
      "artifacts": [
        "GovernmentChain"
      ]
    },
    "/home/chang/medicine-donation-and-recycling/contracts/LogisticsChain.sol": {
      "lastModificationDate": 1722293121197,
      "contentHash": "117fa90b2b4aa45680e2e830d14a30cf",
      "sourceName": "contracts/LogisticsChain.sol",
      "solcConfig": {
        "version": "0.8.24",
        "settings": {
          "evmVersion": "paris",
          "optimizer": {
            "enabled": false,
            "runs": 200
          },
          "outputSelection": {
            "*": {
              "*": [
                "abi",
                "evm.bytecode",
                "evm.deployedBytecode",
                "evm.methodIdentifiers",
                "metadata",
                "devdoc",
                "userdoc",
                "storageLayout",
                "evm.gasEstimates"
              ],
              "": [
                "ast"
              ]
            }
          },
          "metadata": {
            "useLiteralContent": true
          }
        }
      },
      "imports": [],
      "versionPragmas": [
        "^0.8.7"
      ],
      "artifacts": [
        "LogisticsChain"
      ]
    },
    "/home/chang/medicine-donation-and-recycling/contracts/RelayChain.sol": {
      "lastModificationDate": 1719827401554,
      "contentHash": "26e980b3822c4da510a2ee1dd5af913c",
      "sourceName": "contracts/RelayChain.sol",
      "solcConfig": {
        "version": "0.8.24",
        "settings": {
          "evmVersion": "paris",
          "optimizer": {
            "enabled": false,
            "runs": 200
          },
          "outputSelection": {
            "*": {
              "*": [
                "abi",
                "evm.bytecode",
                "evm.deployedBytecode",
                "evm.methodIdentifiers",
                "metadata",
                "devdoc",
                "userdoc",
                "storageLayout",
                "evm.gasEstimates"
              ],
              "": [
                "ast"
              ]
            }
          },
          "metadata": {
            "useLiteralContent": true
          }
        }
      },
      "imports": [],
      "versionPragmas": [
        "^0.8.18"
      ],
      "artifacts": [
        "RelayChain"
      ]
    },
    "/home/chang/medicine-donation-and-recycling/contracts/UserChain.sol": {
      "lastModificationDate": 1722294528231,
      "contentHash": "d5222af7b4ddf12e520891aa95dd3f2c",
      "sourceName": "contracts/UserChain.sol",
      "solcConfig": {
        "version": "0.8.24",
        "settings": {
          "evmVersion": "paris",
          "optimizer": {
            "enabled": false,
            "runs": 200
          },
          "outputSelection": {
            "*": {
              "*": [
                "abi",
                "evm.bytecode",
                "evm.deployedBytecode",
                "evm.methodIdentifiers",
                "metadata",
                "devdoc",
                "userdoc",
                "storageLayout",
                "evm.gasEstimates"
              ],
              "": [
                "ast"
              ]
            }
          },
          "metadata": {
            "useLiteralContent": true
          }
        }
      },
      "imports": [],
      "versionPragmas": [
        "^0.8.18"
      ],
      "artifacts": [
        "UserChain"
      ]
    },
    "/home/chang/medicine-donation-and-recycling/node_modules/@openzeppelin/contracts/proxy/transparent/TransparentUpgradeableProxy.sol": {
      "lastModificationDate": 1722263264307,
      "contentHash": "1286aa8d056c7120d1a2da252e310d2f",
      "sourceName": "@openzeppelin/contracts/proxy/transparent/TransparentUpgradeableProxy.sol",
      "solcConfig": {
        "version": "0.8.24",
        "settings": {
          "evmVersion": "paris",
          "optimizer": {
            "enabled": false,
            "runs": 200
          },
          "outputSelection": {
            "*": {
              "*": [
                "abi",
                "evm.bytecode",
                "evm.deployedBytecode",
                "evm.methodIdentifiers",
                "metadata",
                "devdoc",
                "userdoc",
                "storageLayout",
                "evm.gasEstimates"
              ],
              "": [
                "ast"
              ]
            }
          },
          "metadata": {
            "useLiteralContent": true
          }
        }
      },
      "imports": [
        "../ERC1967/ERC1967Proxy.sol"
      ],
      "versionPragmas": [
        "^0.8.0"
      ],
      "artifacts": [
        "ITransparentUpgradeableProxy",
        "TransparentUpgradeableProxy"
      ]
    },
    "/home/chang/medicine-donation-and-recycling/node_modules/@openzeppelin/contracts/proxy/ERC1967/ERC1967Proxy.sol": {
      "lastModificationDate": 1722263264307,
      "contentHash": "3fc3c7c0a2956f36e766691bb9473b06",
      "sourceName": "@openzeppelin/contracts/proxy/ERC1967/ERC1967Proxy.sol",
      "solcConfig": {
        "version": "0.8.24",
        "settings": {
          "evmVersion": "paris",
          "optimizer": {
            "enabled": false,
            "runs": 200
          },
          "outputSelection": {
            "*": {
              "*": [
                "abi",
                "evm.bytecode",
                "evm.deployedBytecode",
                "evm.methodIdentifiers",
                "metadata",
                "devdoc",
                "userdoc",
                "storageLayout",
                "evm.gasEstimates"
              ],
              "": [
                "ast"
              ]
            }
          },
          "metadata": {
            "useLiteralContent": true
          }
        }
      },
      "imports": [
        "../Proxy.sol",
        "./ERC1967Upgrade.sol"
      ],
      "versionPragmas": [
        "^0.8.0"
      ],
      "artifacts": [
        "ERC1967Proxy"
      ]
    },
    "/home/chang/medicine-donation-and-recycling/node_modules/@openzeppelin/contracts/proxy/Proxy.sol": {
      "lastModificationDate": 1722263263837,
      "contentHash": "40b3d81a836d50ff47e03893dcaaf204",
      "sourceName": "@openzeppelin/contracts/proxy/Proxy.sol",
      "solcConfig": {
        "version": "0.8.24",
        "settings": {
          "evmVersion": "paris",
          "optimizer": {
            "enabled": false,
            "runs": 200
          },
          "outputSelection": {
            "*": {
              "*": [
                "abi",
                "evm.bytecode",
                "evm.deployedBytecode",
                "evm.methodIdentifiers",
                "metadata",
                "devdoc",
                "userdoc",
                "storageLayout",
                "evm.gasEstimates"
              ],
              "": [
                "ast"
              ]
            }
          },
          "metadata": {
            "useLiteralContent": true
          }
        }
      },
      "imports": [],
      "versionPragmas": [
        "^0.8.0"
      ],
      "artifacts": [
        "Proxy"
      ]
    },
    "/home/chang/medicine-donation-and-recycling/node_modules/@openzeppelin/contracts/proxy/ERC1967/ERC1967Upgrade.sol": {
      "lastModificationDate": 1722263264307,
      "contentHash": "a127706394bead18392601a20d44867a",
      "sourceName": "@openzeppelin/contracts/proxy/ERC1967/ERC1967Upgrade.sol",
      "solcConfig": {
        "version": "0.8.24",
        "settings": {
          "evmVersion": "paris",
          "optimizer": {
            "enabled": false,
            "runs": 200
          },
          "outputSelection": {
            "*": {
              "*": [
                "abi",
                "evm.bytecode",
                "evm.deployedBytecode",
                "evm.methodIdentifiers",
                "metadata",
                "devdoc",
                "userdoc",
                "storageLayout",
                "evm.gasEstimates"
              ],
              "": [
                "ast"
              ]
            }
          },
          "metadata": {
            "useLiteralContent": true
          }
        }
      },
      "imports": [
        "../beacon/IBeacon.sol",
        "../../interfaces/IERC1967.sol",
        "../../interfaces/draft-IERC1822.sol",
        "../../utils/Address.sol",
        "../../utils/StorageSlot.sol"
      ],
      "versionPragmas": [
        "^0.8.2"
      ],
      "artifacts": [
        "ERC1967Upgrade"
      ]
    },
    "/home/chang/medicine-donation-and-recycling/node_modules/@openzeppelin/contracts/utils/Address.sol": {
      "lastModificationDate": 1722263263847,
      "contentHash": "211ffd288c1588ba8c10eae668ca3c66",
      "sourceName": "@openzeppelin/contracts/utils/Address.sol",
      "solcConfig": {
        "version": "0.8.24",
        "settings": {
          "evmVersion": "paris",
          "optimizer": {
            "enabled": false,
            "runs": 200
          },
          "outputSelection": {
            "*": {
              "*": [
                "abi",
                "evm.bytecode",
                "evm.deployedBytecode",
                "evm.methodIdentifiers",
                "metadata",
                "devdoc",
                "userdoc",
                "storageLayout",
                "evm.gasEstimates"
              ],
              "": [
                "ast"
              ]
            }
          },
          "metadata": {
            "useLiteralContent": true
          }
        }
      },
      "imports": [],
      "versionPragmas": [
        "^0.8.1"
      ],
      "artifacts": [
        "Address"
      ]
    },
    "/home/chang/medicine-donation-and-recycling/node_modules/@openzeppelin/contracts/proxy/beacon/IBeacon.sol": {
      "lastModificationDate": 1722263264307,
      "contentHash": "b6bd23bf19e90b771337037706470933",
      "sourceName": "@openzeppelin/contracts/proxy/beacon/IBeacon.sol",
      "solcConfig": {
        "version": "0.8.24",
        "settings": {
          "evmVersion": "paris",
          "optimizer": {
            "enabled": false,
            "runs": 200
          },
          "outputSelection": {
            "*": {
              "*": [
                "abi",
                "evm.bytecode",
                "evm.deployedBytecode",
                "evm.methodIdentifiers",
                "metadata",
                "devdoc",
                "userdoc",
                "storageLayout",
                "evm.gasEstimates"
              ],
              "": [
                "ast"
              ]
            }
          },
          "metadata": {
            "useLiteralContent": true
          }
        }
      },
      "imports": [],
      "versionPragmas": [
        "^0.8.0"
      ],
      "artifacts": [
        "IBeacon"
      ]
    },
    "/home/chang/medicine-donation-and-recycling/node_modules/@openzeppelin/contracts/interfaces/draft-IERC1822.sol": {
      "lastModificationDate": 1722263263847,
      "contentHash": "2858d98e74e67987ec81b39605230b74",
      "sourceName": "@openzeppelin/contracts/interfaces/draft-IERC1822.sol",
      "solcConfig": {
        "version": "0.8.24",
        "settings": {
          "evmVersion": "paris",
          "optimizer": {
            "enabled": false,
            "runs": 200
          },
          "outputSelection": {
            "*": {
              "*": [
                "abi",
                "evm.bytecode",
                "evm.deployedBytecode",
                "evm.methodIdentifiers",
                "metadata",
                "devdoc",
                "userdoc",
                "storageLayout",
                "evm.gasEstimates"
              ],
              "": [
                "ast"
              ]
            }
          },
          "metadata": {
            "useLiteralContent": true
          }
        }
      },
      "imports": [],
      "versionPragmas": [
        "^0.8.0"
      ],
      "artifacts": [
        "IERC1822Proxiable"
      ]
    },
    "/home/chang/medicine-donation-and-recycling/node_modules/@openzeppelin/contracts/utils/StorageSlot.sol": {
      "lastModificationDate": 1722263263847,
      "contentHash": "682f7dd1f2e1147c8390e7575deceb2d",
      "sourceName": "@openzeppelin/contracts/utils/StorageSlot.sol",
      "solcConfig": {
        "version": "0.8.24",
        "settings": {
          "evmVersion": "paris",
          "optimizer": {
            "enabled": false,
            "runs": 200
          },
          "outputSelection": {
            "*": {
              "*": [
                "abi",
                "evm.bytecode",
                "evm.deployedBytecode",
                "evm.methodIdentifiers",
                "metadata",
                "devdoc",
                "userdoc",
                "storageLayout",
                "evm.gasEstimates"
              ],
              "": [
                "ast"
              ]
            }
          },
          "metadata": {
            "useLiteralContent": true
          }
        }
      },
      "imports": [],
      "versionPragmas": [
        "^0.8.0"
      ],
      "artifacts": [
        "StorageSlot"
      ]
    },
    "/home/chang/medicine-donation-and-recycling/node_modules/@openzeppelin/contracts/proxy/transparent/ProxyAdmin.sol": {
      "lastModificationDate": 1722263264307,
      "contentHash": "9891986e27d357222a8ac8c0c13abe31",
      "sourceName": "@openzeppelin/contracts/proxy/transparent/ProxyAdmin.sol",
      "solcConfig": {
        "version": "0.8.24",
        "settings": {
          "evmVersion": "paris",
          "optimizer": {
            "enabled": false,
            "runs": 200
          },
          "outputSelection": {
            "*": {
              "*": [
                "abi",
                "evm.bytecode",
                "evm.deployedBytecode",
                "evm.methodIdentifiers",
                "metadata",
                "devdoc",
                "userdoc",
                "storageLayout",
                "evm.gasEstimates"
              ],
              "": [
                "ast"
              ]
            }
          },
          "metadata": {
            "useLiteralContent": true
          }
        }
      },
      "imports": [
        "./TransparentUpgradeableProxy.sol",
        "../../access/Ownable.sol"
      ],
      "versionPragmas": [
        "^0.8.0"
      ],
      "artifacts": [
        "ProxyAdmin"
      ]
    },
    "/home/chang/medicine-donation-and-recycling/node_modules/@openzeppelin/contracts/access/Ownable.sol": {
      "lastModificationDate": 1722263263837,
      "contentHash": "5a20b2cad87ddb61c7a3a6af21289e28",
      "sourceName": "@openzeppelin/contracts/access/Ownable.sol",
      "solcConfig": {
        "version": "0.8.24",
        "settings": {
          "evmVersion": "paris",
          "optimizer": {
            "enabled": false,
            "runs": 200
          },
          "outputSelection": {
            "*": {
              "*": [
                "abi",
                "evm.bytecode",
                "evm.deployedBytecode",
                "evm.methodIdentifiers",
                "metadata",
                "devdoc",
                "userdoc",
                "storageLayout",
                "evm.gasEstimates"
              ],
              "": [
                "ast"
              ]
            }
          },
          "metadata": {
            "useLiteralContent": true
          }
        }
      },
      "imports": [
        "../utils/Context.sol"
      ],
      "versionPragmas": [
        "^0.8.0"
      ],
      "artifacts": [
        "Ownable"
      ]
    },
    "/home/chang/medicine-donation-and-recycling/node_modules/@openzeppelin/contracts/utils/Context.sol": {
      "lastModificationDate": 1722263263847,
      "contentHash": "f07feb4a44b1a4872370da5aa70e8e46",
      "sourceName": "@openzeppelin/contracts/utils/Context.sol",
      "solcConfig": {
        "version": "0.8.24",
        "settings": {
          "evmVersion": "paris",
          "optimizer": {
            "enabled": false,
            "runs": 200
          },
          "outputSelection": {
            "*": {
              "*": [
                "abi",
                "evm.bytecode",
                "evm.deployedBytecode",
                "evm.methodIdentifiers",
                "metadata",
                "devdoc",
                "userdoc",
                "storageLayout",
                "evm.gasEstimates"
              ],
              "": [
                "ast"
              ]
            }
          },
          "metadata": {
            "useLiteralContent": true
          }
        }
      },
      "imports": [],
      "versionPragmas": [
        "^0.8.0"
      ],
      "artifacts": [
        "Context"
      ]
    },
    "/home/chang/medicine-donation-and-recycling/node_modules/@openzeppelin/contracts/proxy/beacon/UpgradeableBeacon.sol": {
      "lastModificationDate": 1722263264307,
      "contentHash": "8ffefb755605824cf730ce4092b2f581",
      "sourceName": "@openzeppelin/contracts/proxy/beacon/UpgradeableBeacon.sol",
      "solcConfig": {
        "version": "0.8.24",
        "settings": {
          "evmVersion": "paris",
          "optimizer": {
            "enabled": false,
            "runs": 200
          },
          "outputSelection": {
            "*": {
              "*": [
                "abi",
                "evm.bytecode",
                "evm.deployedBytecode",
                "evm.methodIdentifiers",
                "metadata",
                "devdoc",
                "userdoc",
                "storageLayout",
                "evm.gasEstimates"
              ],
              "": [
                "ast"
              ]
            }
          },
          "metadata": {
            "useLiteralContent": true
          }
        }
      },
      "imports": [
        "./IBeacon.sol",
        "../../access/Ownable.sol",
        "../../utils/Address.sol"
      ],
      "versionPragmas": [
        "^0.8.0"
      ],
      "artifacts": [
        "UpgradeableBeacon"
      ]
    },
    "/home/chang/medicine-donation-and-recycling/node_modules/@openzeppelin/contracts/proxy/beacon/BeaconProxy.sol": {
      "lastModificationDate": 1722263264307,
      "contentHash": "dc9dcb6e542154d9cfbfaece646c1092",
      "sourceName": "@openzeppelin/contracts/proxy/beacon/BeaconProxy.sol",
      "solcConfig": {
        "version": "0.8.24",
        "settings": {
          "evmVersion": "paris",
          "optimizer": {
            "enabled": false,
            "runs": 200
          },
          "outputSelection": {
            "*": {
              "*": [
                "abi",
                "evm.bytecode",
                "evm.deployedBytecode",
                "evm.methodIdentifiers",
                "metadata",
                "devdoc",
                "userdoc",
                "storageLayout",
                "evm.gasEstimates"
              ],
              "": [
                "ast"
              ]
            }
          },
          "metadata": {
            "useLiteralContent": true
          }
        }
      },
      "imports": [
        "./IBeacon.sol",
        "../Proxy.sol",
        "../ERC1967/ERC1967Upgrade.sol"
      ],
      "versionPragmas": [
        "^0.8.0"
      ],
      "artifacts": [
        "BeaconProxy"
      ]
    },
    "/home/chang/medicine-donation-and-recycling/node_modules/@openzeppelin/contracts/interfaces/IERC1967.sol": {
      "lastModificationDate": 1722263263837,
      "contentHash": "d0d060231a45da7a1eecbb5cd286fa40",
      "sourceName": "@openzeppelin/contracts/interfaces/IERC1967.sol",
      "solcConfig": {
        "version": "0.8.24",
        "settings": {
          "evmVersion": "paris",
          "optimizer": {
            "enabled": false,
            "runs": 200
          },
          "outputSelection": {
            "*": {
              "*": [
                "abi",
                "evm.bytecode",
                "evm.deployedBytecode",
                "evm.methodIdentifiers",
                "metadata",
                "devdoc",
                "userdoc",
                "storageLayout",
                "evm.gasEstimates"
              ],
              "": [
                "ast"
              ]
            }
          },
          "metadata": {
            "useLiteralContent": true
          }
        }
      },
      "imports": [],
      "versionPragmas": [
        "^0.8.0"
      ],
      "artifacts": [
        "IERC1967"
      ]
    }
  }
}
