{"file:///home/chang/medicine-donation-and-recycling/contracts/LogisticsChain.sol":{"language":"Solidity","code":75,"comment":24,"blank":16},"file:///home/chang/medicine-donation-and-recycling/contracts/UserChain.sol":{"language":"Solidity","code":75,"comment":26,"blank":15},"file:///home/chang/medicine-donation-and-recycling/contracts/GovernmentChain.sol":{"language":"Solidity","code":71,"comment":20,"blank":16},"file:///home/chang/medicine-donation-and-recycling/contracts/RelayChain.sol":{"language":"Solidity","code":29,"comment":21,"blank":14},"file:///home/chang/medicine-donation-and-recycling/.prettierrc":{"language":"json","code":3,"comment":0,"blank":1}}