{
  "language": "Solidity",
  "sources": {
    "contracts/GovernmentChain.sol": {
      "content": "// SPDX-License-Identifier: MIT\npragma solidity ^0.8.18;\n\ncontract GovernmentChain {\n    struct User {\n        string username;\n        uint256 creditScore;\n    }\n    struct Donation {\n        string medicineName;\n        string batchNumber;\n        uint256 timestamp;\n    }\n    struct LogisticsInfo {\n        string status;\n        uint256 timestamp;\n        string location;\n    }\n    address public relayChainAddress;\n    constructor(address _relayChainAddress) {\n        relayChainAddress = _relayChainAddress;\n    }\n    // 存储用户信息的映射\n    mapping(address => User) public users;\n    \n    // 存储用户捐赠记录的映射\n    mapping(address => Donation[]) public donations;\n\n     // 存储物流信息的映射\n    mapping(address => LogisticsInfo[]) public logisticsRecords;\n\n    event UserVerified(address indexed user, string username, uint256 creditScore);\n    event MedicineReceived(address indexed receiver, string medicineName, string batchNumber, uint256 timestamp);\n    event MedicineApproved(address indexed receiver, string medicineName, string batchNumber, uint256 timestamp);\n\n    modifier onlyRelayChain() {\n        require(msg.sender == relayChainAddress, \"Only Relay Chain can call this function\");\n        _;\n    }\n    function verifyUser(address user, string memory username, string memory idNumber) public returns (bool) {\n        // 暂时为空白函数，实际应该调用政府数据库验证身份证号码和名字是否匹配\n        // 假设验证通过\n        bool isVerified = true;\n        if (isVerified) {\n            users[user] = User(username, 0);\n            emit UserVerified(user, username, 0);\n        }\n        return isVerified;\n    }\n    // 更新用户信用分数\n    function updateUserCredit(address user, uint256 newCreditScore) public {\n        require(bytes(users[user].username).length != 0, \"User not found\");\n        users[user].creditScore = newCreditScore;\n        //emit UserVerified(user, users[user].username, newCreditScore);\n    }\n\n    function getDonations(address from) public view returns (Donation[] memory) {\n        return donations[from];\n    }\n    function getLogistics(address from) public view returns (LogisticsInfo[] memory) {\n        return logisticsRecords[from];\n    }\n\n    // 定义与Relay Chain事件对应的方法\n    // 接收捐赠事件\n    function receiveDonation(address from, string memory medicineName, string memory batchNumber) public {\n        require(msg.sender == relayChainAddress, \"Only Relay Chain can call this function\");\n        // 增加用户的信用分数\n        updateUserCredit(from, users[from].creditScore + 10);\n        // 记录捐赠详细信息\n        donations[from].push(Donation(medicineName, batchNumber, block.timestamp));\n    }\n\n\n    // 更新物流事件\n    function updateLogistics(address from, string memory status, string memory location) public {\n        require(msg.sender == relayChainAddress, \"Only Relay Chain can call this function\");\n        // 记录物流信息\n        logisticsRecords[from].push(LogisticsInfo(status, block.timestamp, location));\n    }\n\n    // 处理Relay Chain的药品接收事件\n    function handleMedicineReceived(address receiver, string memory medicineName, string memory batchNumber) public onlyRelayChain {\n        emit MedicineReceived(receiver, medicineName, batchNumber, block.timestamp);\n        // 更新用户信用分数+5\n        updateUserCredit(receiver, users[receiver].creditScore + 5);\n    }\n\n    //新增功能： 药品回收批准请求\n    function approveMedicineRecovery(address receiver, string memory medicineName, string memory batchNumber) public {\n        require(msg.sender == relayChainAddress, \"Only Relay Chain can call this function\");\n\n        // 模拟检查过程，实际应用中应包含更详细的检查逻辑\n        bool isApproved = true; // 假设检查通过\n\n        if (isApproved) {\n            // 通知LogisticsChain\n            (bool success,) = relayChainAddress.call(\n                abi.encodeWithSignature(\"updateLogisticsStatus(address,string,string,string,string)\", receiver, medicineName, batchNumber, \"Approved\", \"Government\")\n            );\n            require(success, \"Failed to notify LogisticsChain\");\n            \n            // 通知UserChain\n            (success,) = relayChainAddress.call(\n                abi.encodeWithSignature(\"updateUserStatus(address,string,string)\", receiver, medicineName, batchNumber)\n            );\n            require(success, \"Failed to notify UserChain\");\n\n            emit MedicineApproved(receiver, medicineName, batchNumber, block.timestamp);\n        }\n    }\n    \n}\n"
    },
    "contracts/LogisticsChain.sol": {
      "content": "// SPDX-License-Identifier: MIT\npragma solidity ^0.8.7;\n\ncontract LogisticsChain {\n    struct LogisticsInfo {\n        string status;\n        uint256 timestamp;\n        string location;\n    }\n\n    struct TransportRecord {\n        address sender;\n        address receiver;\n        LogisticsInfo[] logistics;\n    }\n    modifier onlyRelayChain() {\n        require(msg.sender == relayChainAddress, \"Only Relay Chain can call this function\");\n        _;\n    }\n    address public relayChainAddress;\n    constructor(address _relayChainAddress) {\n        relayChainAddress = _relayChainAddress;\n    }\n    mapping(uint256 => TransportRecord) public transportRecords;\n    uint256 public transportCount;\n\n    event TransportCreated(uint256 indexed transportId, address indexed sender, address receiver, uint256 timestamp);\n    //记录和更新物流信息，同时通知 Layer 2 上的其他组件或合约。\n    event LogisticsUpdated(uint256 indexed transportId, string status, string location, uint256 timestamp);\n    event MedicineReceived(address indexed receiver, string medicineName, string batchNumber, uint256 timestamp);\n    // 新增：获取物流记录**\n    function getLogistics(uint256 transportId) public view returns (LogisticsInfo[] memory) {\n        return transportRecords[transportId].logistics;\n    }\n    // 创建运输记录函数\n    function createTransport(address receiver,string memory medicineName, string memory batchNumber) public {\n        transportCount++;\n        // 初始化一个空的LogisticsInfo数组。Solidity 当前版本不支持从 memory 到 storage 的直接数组复制，我们需要采用另一种方法来初始化和填充结构体数组。\n        // LogisticsInfo[] memory emptyLogistics;\n        // transportRecords[transportCount] = TransportRecord({\n        //     sender: msg.sender,\n        //     receiver: receiver,\n        //     logistics: emptyLogistics\n        // });\n        //暂时注释\n        // 通知GovernmentChain进行检查和批准\n        (bool success,) = relayChainAddress.call(\n            abi.encodeWithSignature(\"approveMedicineRecovery(address,string,string)\", receiver, medicineName, batchNumber)\n        );\n        require(success, \"Failed to request medicine recovery approval from GovernmentChain\");\n    \n        TransportRecord storage record = transportRecords[transportCount];\n        record.sender = msg.sender;\n        record.receiver = receiver;\n        emit TransportCreated(transportCount, msg.sender, receiver, block.timestamp);\n    }\n    // 更新物流信息\n    function updateLogistics(uint256 transportId, string memory status, string memory location) public {\n        require(transportRecords[transportId].sender != address(0), \"Transport record not found\");\n        LogisticsInfo memory info = LogisticsInfo(status, block.timestamp, location);\n        transportRecords[transportId].logistics.push(info);\n        emit LogisticsUpdated(transportId, status, location, block.timestamp);\n\n        // 通知Relay Chain\n        (bool success,) = relayChainAddress.call(\n            abi.encodeWithSignature(\"recordLogisticsUpdate(uint256,string,string,uint256)\", transportId, status, location, block.timestamp)\n        );\n        require(success, \"Failed to notify Relay Chain\");\n    }\n\n    // 处理Relay Chain的物流更新事件\n    function relayUpdate(uint256 transportId, string memory status, string memory location, uint256 timestamp) public onlyRelayChain {\n        // 确保运输记录已存在\n        require(transportRecords[transportId].sender != address(0), \"Transport record not found\");\n\n        // 创建新的物流信息并添加到现有运输记录中\n        LogisticsInfo memory info = LogisticsInfo(status, timestamp, location);\n        transportRecords[transportId].logistics.push(info);\n\n        // 触发物流信息更新事件\n        emit LogisticsUpdated(transportId, status, location, timestamp);\n    }\n\n    // 接收捐赠事件\n    function receiveDonation(address from, string memory medicineName, string memory batchNumber) public {\n        require(msg.sender == relayChainAddress, \"Only Relay Chain can call this function\");\n        // 创建运输记录\n        createTransport(from,medicineName,batchNumber);\n    }\n\n    // 处理Relay Chain的药品接收事件\n    function handleMedicineReceived(address receiver, string memory medicineName, string memory batchNumber) public onlyRelayChain {\n        emit MedicineReceived(receiver, medicineName, batchNumber, block.timestamp);\n    // 更新物流状态\n        updateLogisticsStatus(receiver, medicineName, batchNumber, \"Received by recipient\", \"Recipient's address\");\n    }\n\n    // 更新物流状态为已完成\n    function updateLogisticsStatus(address receiver, string memory medicineName, string memory batchNumber, string memory status, string memory location) internal {\n        // 查找运输记录，假设每个运输记录有唯一的 receiver 和 batchNumber\n        for (uint256 i = 1; i <= transportCount; i++) {\n            if (transportRecords[i].receiver == receiver) {\n                for (uint256 j = 0; j < transportRecords[i].logistics.length; j++) {\n                    if (keccak256(abi.encodePacked(transportRecords[i].logistics[j].status)) == keccak256(abi.encodePacked(batchNumber))) {\n                        // 更新物流信息\n                        LogisticsInfo memory info = LogisticsInfo(status, block.timestamp, location);\n                        transportRecords[i].logistics.push(info);\n                        emit LogisticsUpdated(i, status, location,block.timestamp);\n                        return;\n                    }\n                }\n            }\n        }\n    }\n\n\n}\n"
    },
    "contracts/UserChain.sol": {
      "content": "// SPDX-License-Identifier: MIT\npragma solidity ^0.8.18;\n\ncontract UserChain {\n    address public relayChainAddress;\n    address public governmentChainAddress;\n    address public logisticsChainAddress;\n    constructor(address _relayChainAddress, address _governmentChainAddress, address _logisticsChainAddress) {\n        relayChainAddress = _relayChainAddress;\n        governmentChainAddress = _governmentChainAddress;\n        logisticsChainAddress = _logisticsChainAddress;\n    }\n\n    struct Medicine {\n        string name;\n        address donor;\n        uint256 expirationDate;\n        string productionLocation;\n        string batchNumber;\n        bool received; //是否已收到药品\n    }\n\n    struct User {\n        string username;\n        string idNumber;\n        address userAddress;\n        uint256 creditScore;\n    }\n\n    mapping(address => User) public users;\n    mapping(address => Medicine[]) public donations;\n\n    event MedicineDonated(address indexed donor, string name, string batchNumber, uint256 timestamp);\n    event MedicineReceived(address indexed receiver, string name, string batchNumber, uint256 timestamp);\n    // 手动设置用户数据\n    function setUser(address userAddress, string memory username, string memory idNumber) public {\n        users[userAddress] = User(username, idNumber, userAddress, 0);\n    }\n    // 新增：获取用户捐赠药品数量\n    function getDonationCount(address userAddress) public view returns (uint256) {\n        return donations[userAddress].length;\n    }\n\n    // 新增：获取用户捐赠药品信息\n    function getDonation(address userAddress, uint256 index) public view returns (Medicine memory) {\n        require(index < donations[userAddress].length, \"Index out of bounds\");\n        return donations[userAddress][index];\n    }\n    function registerUser(string memory username, string memory idNumber) public {\n         // 确保用户尚未注册\n        require(users[msg.sender].userAddress == address(0), \"User already registered\");\n        // 这里调用 GovernmentChain 进行身份验证，假设 verifyUser 是 GovernmentChain 中的方法\n        (bool success, bytes memory data) = governmentChainAddress.call(\n            abi.encodeWithSignature(\"verifyUser(address,string,string)\", msg.sender, username, idNumber)\n        );\n        require(success, \"User verification failed\");\n        bool verified = abi.decode(data, (bool));\n        require(verified, \"User verification failed\");\n        // 注册用户信息:不能存到链上，（用户地址   \n        users[msg.sender] = User(username, idNumber, msg.sender, 0);\n    }\n   // 捐赠药品\n    function donateMedicine(string memory name, string memory batchNumber, uint256 expirationDate, string memory productionLocation) public {\n        // 确保用户已注册\n        require(users[msg.sender].userAddress != address(0), \"User not registered\");\n        Medicine memory newMedicine = Medicine(name, msg.sender, expirationDate, productionLocation, batchNumber,false);\n        donations[msg.sender].push(newMedicine);\n         // 触发药品捐赠事件\n        emit MedicineDonated(msg.sender, name, batchNumber, block.timestamp);\n        // 通知Relay Chain\n        (bool relaySuccess,) = relayChainAddress.call(\n            abi.encodeWithSignature(\"recordDonation(address,string,string)\", msg.sender, name, batchNumber)\n        );\n        require(relaySuccess, \"Failed to notify Relay Chain\");\n\n        // 直接调用 LogisticsChain 合约的方法\n        (bool logisticsSuccess,) = logisticsChainAddress.call(\n            abi.encodeWithSignature(\"createTransport(address,string)\", msg.sender, \"Initial logistics info\")\n        );\n        require(logisticsSuccess, \"Failed to notify LogisticsChain\");\n    }\n\n    // 被捐赠者收到了药品\n    function receiveMedicine(string memory name, string memory batchNumber) public {\n        // 找到对应的药品记录并更新为已接收\n        bool found = false;\n        for (uint i = 0; i < donations[msg.sender].length; i++) {\n            if (keccak256(abi.encodePacked(donations[msg.sender][i].name)) == keccak256(abi.encodePacked(name)) &&\n                keccak256(abi.encodePacked(donations[msg.sender][i].batchNumber)) == keccak256(abi.encodePacked(batchNumber))) {\n                donations[msg.sender][i].received = true;\n                found = true;\n                break;\n            }\n        }\n        require(found, \"Medicine not found\");\n\n        // 触发药品接收事件\n        emit MedicineReceived(msg.sender, name, batchNumber, block.timestamp);\n\n        // 通知Relay Chain\n        (bool success,) = relayChainAddress.call(\n            abi.encodeWithSignature(\"recordMedicineReceived(address,string,string)\", msg.sender, name, batchNumber)\n        );\n        require(success, \"Failed to notify Relay Chain\");\n    }\n\n    // 接收捐赠事件:有用到吗？\n    function receiveDonation(address from, string memory medicineName, string memory batchNumber) public {\n        require(msg.sender == relayChainAddress, \"Only Relay Chain can call this function\");\n        // 记录捐赠信息\n        Medicine memory receivedMedicine = Medicine(medicineName, from, 0, \"\", batchNumber,false);\n        donations[from].push(receivedMedicine);\n    }\n\n//信用分更新：当用户在UserChain上完成药品捐赠或领取，更新后的信用分通过RelayChain提交到Layer 1进行最终确认。\n\n// // UserChain Contract\n// function updateUserCredit(address user, uint256 newCreditScore) public {\n//     require(msg.sender == relayChainAddress, \"Only Relay Chain can call this function\");\n//     users[user].creditScore = newCreditScore;\n\n//     // 通知Layer 1进行最终确认\n//     (bool success, ) = relayChainAddress.call(\n//         abi.encodeWithSignature(\"recordUserCreditUpdate(address,uint256)\", user, newCreditScore)\n//     );\n//     require(success, \"Failed to notify Relay Chain\");\n// }\n}\n"
    }
  },
  "settings": {
    "evmVersion": "paris",
    "optimizer": {
      "enabled": true,
      "mode": "3"
    },
    "outputSelection": {
      "*": {
        "*": [
          "abi",
          "evm.methodIdentifiers",
          "metadata",
          "devdoc",
          "userdoc",
          "storageLayout"
        ],
        "": [
          "ast"
        ]
      }
    },
    "detectMissingLibraries": false,
    "forceEVMLA": false,
    "enableEraVMExtensions": false,
    "libraries": {}
  }
}