{
  "language": "Solidity",
  "sources": {
    "contracts/GovernmentChain.sol": {
      "content": "// SPDX-License-Identifier: MIT\npragma solidity ^0.8.18;\n\ncontract GovernmentChain {\n    struct User {\n        string username;\n        uint256 creditScore;\n    }\n    address public relayChainAddress;\n    constructor(address _relayChainAddress) {\n        relayChainAddress = _relayChainAddress;\n    }\n    mapping(address => User) public users;\n\n    event UserVerified(address indexed user, string username, uint256 creditScore);\n\n    function verifyUser(address user, string memory username, string memory idNumber) public returns (bool) {\n        // 暂时为空白函数，实际应该调用政府数据库验证身份证号码和名字是否匹配\n        // 假设验证通过\n        bool isVerified = true;\n        if (isVerified) {\n            users[user] = User(username, 0);\n            emit UserVerified(user, username, 0);\n        }\n        return isVerified;\n    }\n\n    function updateUserCredit(address user, uint256 newCreditScore) public {\n        require(bytes(users[user].username).length != 0, \"User not found\");\n        users[user].creditScore = newCreditScore;\n        //emit UserVerified(user, users[user].username, newCreditScore);\n    }\n}\n"
    },
    "contracts/LogisticsChain.sol": {
      "content": "// SPDX-License-Identifier: MIT\npragma solidity ^0.8.7;\n\ncontract LogisticsChain {\n    struct LogisticsInfo {\n        string status;\n        uint256 timestamp;\n        string location;\n    }\n\n    struct TransportRecord {\n        address sender;\n        address receiver;\n        LogisticsInfo[] logistics;\n    }\n\n    address public relayChainAddress;\n    constructor(address _relayChainAddress) {\n        relayChainAddress = _relayChainAddress;\n    }\n    mapping(uint256 => TransportRecord) public transportRecords;\n    uint256 public transportCount;\n\n    event TransportCreated(uint256 indexed transportId, address indexed sender, address receiver, uint256 timestamp);\n    event LogisticsUpdated(uint256 indexed transportId, string status, string location, uint256 timestamp);\n\n    // 创建运输记录函数\n    function createTransport(address receiver) public {\n        transportCount++;\n        // 初始化一个空的LogisticsInfo数组。Solidity 当前版本不支持从 memory 到 storage 的直接数组复制，我们需要采用另一种方法来初始化和填充结构体数组。\n        // LogisticsInfo[] memory emptyLogistics;\n        // transportRecords[transportCount] = TransportRecord({\n        //     sender: msg.sender,\n        //     receiver: receiver,\n        //     logistics: emptyLogistics\n        // });\n        TransportRecord storage record = transportRecords[transportCount];\n        record.sender = msg.sender;\n        record.receiver = receiver;\n        emit TransportCreated(transportCount, msg.sender, receiver, block.timestamp);\n    }\n    // 更新物流信息函数\n    function updateLogistics(uint256 transportId, string memory status, string memory location) public {\n        require(transportRecords[transportId].sender != address(0), \"Transport record not found\");\n        LogisticsInfo memory info = LogisticsInfo({\n            status: status,\n            timestamp: block.timestamp,\n            location: location\n        });\n        transportRecords[transportId].logistics.push(info);\n        emit LogisticsUpdated(transportId, status, location, block.timestamp);\n    }\n    // 中间件调用的函数，用于处理 RelayChain 事件\n    function relayUpdate(uint256 transportId, address sender, address receiver, string memory status, string memory location) public {\n        // 如果运输记录不存在，则创建一个新的运输记录\n        if (transportRecords[transportId].sender == address(0)) {\n            transportRecords[transportId] = TransportRecord(sender, receiver, new LogisticsInfo[](0));\n        }\n        // 创建新的物流信息\n        LogisticsInfo memory info = LogisticsInfo(status, block.timestamp, location);\n        // 将新的物流信息添加到对应的运输记录中\n        transportRecords[transportId].logistics.push(info);\n        // 触发物流信息更新事件\n        emit LogisticsUpdated(transportId, status, location, block.timestamp);\n}\n}\n"
    },
    "contracts/RelayChain.sol": {
      "content": "// SPDX-License-Identifier: MIT\npragma solidity ^0.8.18;\n\ncontract RelayChain {\n    // 映射存储每个链的合约地址\n    mapping(string => address) public chains;\n\n    // 事件：注册新链\n    event ChainRegistered(string chainName, address chainAddress);\n\n    // 事件：记录捐赠\n    event DonationRecorded(address indexed from, string medicineName, string batchNumber, uint256 timestamp);\n\n    // 事件：更新物流\n    event LogisticsUpdated(address indexed from, string logisticsInfo, uint256 timestamp);\n\n    // 注册新链\n    function registerChain(string memory chainName, address chainAddress) public {\n        chains[chainName] = chainAddress;\n        emit ChainRegistered(chainName, chainAddress);\n    }\n\n    // 记录捐赠事件\n    function recordDonation(string memory medicineName, string memory batchNumber) public {\n        emit DonationRecorded(msg.sender, medicineName, batchNumber, block.timestamp);\n    }\n\n    // 更新物流事件，参数为物流信息\n    function updateLogistics(string memory logisticsInfo) public {\n        emit LogisticsUpdated(msg.sender, logisticsInfo, block.timestamp); // 触发更新物流事件\n    }\n}\n"
    },
    "contracts/UserChain.sol": {
      "content": "// SPDX-License-Identifier: MIT\npragma solidity ^0.8.18;\n\ncontract UserChain {\n    address public relayChainAddress;\n    address public governmentChainAddress;\n    address public logisticsChainAddress;\n    constructor(address _relayChainAddress, address _governmentChainAddress, address _logisticsChainAddress) {\n        relayChainAddress = _relayChainAddress;\n        governmentChainAddress = _governmentChainAddress;\n        logisticsChainAddress = _logisticsChainAddress;\n    }\n\n    struct Medicine {\n        string name;\n        address donor;\n        uint256 expirationDate;\n        string productionLocation;\n        string batchNumber;\n    }\n\n    struct User {\n        string username;\n        string idNumber;\n        address userAddress;\n        uint256 creditScore;\n    }\n\n    mapping(address => User) public users;\n    mapping(address => Medicine[]) public donations;\n\n    event MedicineDonated(address indexed donor, string name, string batchNumber, uint256 timestamp);\n    event MedicineReceived(address indexed receiver, string name, string batchNumber, uint256 timestamp);\n\n    function registerUser(string memory username, string memory idNumber) public {\n         // 确保用户尚未注册\n        require(users[msg.sender].userAddress == address(0), \"User already registered\");\n        // 这里调用 GovernmentChain 进行身份验证，假设 verifyUser 是 GovernmentChain 中的方法\n        (bool success, bytes memory data) = governmentChainAddress.call(\n            abi.encodeWithSignature(\"verifyUser(address,string,string)\", msg.sender, username, idNumber)\n        );\n        require(success, \"User verification failed\");\n        bool verified = abi.decode(data, (bool));\n        require(verified, \"User verification failed\");\n        // 注册用户信息    \n        users[msg.sender] = User(username, idNumber, msg.sender, 0);\n    }\n   // 捐赠药品\n    function donateMedicine(string memory name, string memory batchNumber, uint256 expirationDate, string memory productionLocation) public {\n        // 确保用户已注册\n        require(users[msg.sender].userAddress != address(0), \"User not registered\");\n        Medicine memory newMedicine = Medicine(name, msg.sender, expirationDate, productionLocation, batchNumber);\n        donations[msg.sender].push(newMedicine);\n         // 触发药品捐赠事件\n        emit MedicineDonated(msg.sender, name, batchNumber, block.timestamp);\n\n        // 直接调用 LogisticsChain 合约的方法\n        (bool success,) = logisticsChainAddress.call(\n            abi.encodeWithSignature(\"createTransport(address,string)\", msg.sender, \"Initial logistics info\")\n        );\n        require(success, \"Failed to notify LogisticsChain\");\n    }\n    // 接收药品\n    function receiveMedicine(address donor, uint256 index) public {\n        require(users[msg.sender].userAddress != address(0), \"User not registered\");\n        require(index < donations[donor].length, \"Invalid medicine index\");\n        Medicine memory medicine = donations[donor][index];\n        // 这里可以添加药品接收逻辑\n        emit MedicineReceived(msg.sender, medicine.name, medicine.batchNumber, block.timestamp);\n        // 直接调用 LogisticsChain 合约的方法\n        (bool success,) = logisticsChainAddress.call(\n            abi.encodeWithSignature(\"updateLogistics(address,string)\", msg.sender, \"MedicineReceived\")\n        );\n        require(success, \"Failed to notify LogisticsChain\");\n    }\n}\n"
    }
  },
  "settings": {
    "evmVersion": "paris",
    "optimizer": {
      "enabled": true,
      "mode": "3"
    },
    "outputSelection": {
      "*": {
        "*": [
          "abi",
          "evm.methodIdentifiers",
          "metadata",
          "devdoc",
          "userdoc",
          "storageLayout"
        ],
        "": [
          "ast"
        ]
      }
    },
    "detectMissingLibraries": false,
    "forceEVMLA": false,
    "enableEraVMExtensions": false,
    "libraries": {}
  }
}