{
  "language": "Solidity",
  "sources": {
    "contracts/SimpleContract.sol": {
      "content": "// SPDX-License-Identifier: MIT\npragma solidity ^0.8.18;\n\ncontract SimpleContract {\n    // 返回一个固定的数字\n    function getStaticNumber() public pure returns (uint) {\n        return 42;\n    }\n}\n"
    }
  },
  "settings": {
    "evmVersion": "paris",
    "optimizer": {
      "enabled": false,
      "runs": 200
    },
    "outputSelection": {
      "*": {
        "*": [
          "abi",
          "evm.bytecode",
          "evm.deployedBytecode",
          "evm.methodIdentifiers",
          "metadata",
          "devdoc",
          "userdoc",
          "storageLayout",
          "evm.gasEstimates"
        ],
        "": [
          "ast"
        ]
      }
    },
    "metadata": {
      "useLiteralContent": true
    }
  }
}