{
  "language": "Solidity",
  "sources": {
    "contracts/LogisticsChain.sol": {
      "content": "// SPDX-License-Identifier: MIT\npragma solidity ^0.8.7;\n\ncontract LogisticsChain {\n    struct LogisticsInfo {\n        string status;\n        uint256 timestamp;\n        string location;\n    }\n\n    struct TransportRecord {\n        address sender;\n        address receiver;\n        LogisticsInfo[] logistics;\n    }\n    modifier onlyRelayChain() {\n        require(msg.sender == relayChainAddress, \"Only Relay Chain can call this function\");\n        _;\n    }\n    address public relayChainAddress;\n    constructor(address _relayChainAddress) {\n        relayChainAddress = _relayChainAddress;\n    }\n    mapping(uint256 => TransportRecord) public transportRecords;\n    uint256 public transportCount;\n\n    event TransportCreated(uint256 indexed transportId, address indexed sender, address receiver, uint256 timestamp);\n    //记录和更新物流信息，同时通知 Layer 2 上的其他组件或合约。\n    event LogisticsUpdated(uint256 indexed transportId, string status, string location, uint256 timestamp);\n    event MedicineReceived(address indexed receiver, string medicineName, string batchNumber, uint256 timestamp);\n\n    // 创建运输记录函数\n    function createTransport(address receiver,string memory medicineName, string memory batchNumber) public {\n        transportCount++;\n        // 初始化一个空的LogisticsInfo数组。Solidity 当前版本不支持从 memory 到 storage 的直接数组复制，我们需要采用另一种方法来初始化和填充结构体数组。\n        // LogisticsInfo[] memory emptyLogistics;\n        // transportRecords[transportCount] = TransportRecord({\n        //     sender: msg.sender,\n        //     receiver: receiver,\n        //     logistics: emptyLogistics\n        // });\n        //暂时注释\n        // // 通知GovernmentChain进行检查和批准\n        // (bool success,) = relayChainAddress.call(\n        //     abi.encodeWithSignature(\"approveMedicineRecovery(address,string,string)\", receiver, medicineName, batchNumber)\n        // );\n        // require(success, \"Failed to request medicine recovery approval from GovernmentChain\");\n    \n        TransportRecord storage record = transportRecords[transportCount];\n        record.sender = msg.sender;\n        record.receiver = receiver;\n        emit TransportCreated(transportCount, msg.sender, receiver, block.timestamp);\n    }\n    // 更新物流信息\n    function updateLogistics(uint256 transportId, string memory status, string memory location) public {\n        require(transportRecords[transportId].sender != address(0), \"Transport record not found\");\n        LogisticsInfo memory info = LogisticsInfo(status, block.timestamp, location);\n        transportRecords[transportId].logistics.push(info);\n        emit LogisticsUpdated(transportId, status, location, block.timestamp);\n\n        // 通知Relay Chain\n        (bool success,) = relayChainAddress.call(\n            abi.encodeWithSignature(\"recordLogisticsUpdate(uint256,string,string,uint256)\", transportId, status, location, block.timestamp)\n        );\n        require(success, \"Failed to notify Relay Chain\");\n    }\n\n    // 处理Relay Chain的物流更新事件\n    function relayUpdate(uint256 transportId, string memory status, string memory location, uint256 timestamp) public onlyRelayChain {\n        // 确保运输记录已存在\n        require(transportRecords[transportId].sender != address(0), \"Transport record not found\");\n\n        // 创建新的物流信息并添加到现有运输记录中\n        LogisticsInfo memory info = LogisticsInfo(status, timestamp, location);\n        transportRecords[transportId].logistics.push(info);\n\n        // 触发物流信息更新事件\n        emit LogisticsUpdated(transportId, status, location, timestamp);\n    }\n\n    // 接收捐赠事件\n    function receiveDonation(address from, string memory medicineName, string memory batchNumber) public {\n        require(msg.sender == relayChainAddress, \"Only Relay Chain can call this function\");\n        // 创建运输记录\n        createTransport(from,medicineName,batchNumber);\n    }\n\n    // 处理Relay Chain的药品接收事件\n    function handleMedicineReceived(address receiver, string memory medicineName, string memory batchNumber) public onlyRelayChain {\n        emit MedicineReceived(receiver, medicineName, batchNumber, block.timestamp);\n    // 更新物流状态\n        updateLogisticsStatus(receiver, medicineName, batchNumber, \"Received by recipient\", \"Recipient's address\");\n    }\n\n    // 更新物流状态为已完成\n    function updateLogisticsStatus(address receiver, string memory medicineName, string memory batchNumber, string memory status, string memory location) internal {\n        // 查找运输记录，假设每个运输记录有唯一的 receiver 和 batchNumber\n        for (uint256 i = 1; i <= transportCount; i++) {\n            if (transportRecords[i].receiver == receiver) {\n                for (uint256 j = 0; j < transportRecords[i].logistics.length; j++) {\n                    if (keccak256(abi.encodePacked(transportRecords[i].logistics[j].status)) == keccak256(abi.encodePacked(batchNumber))) {\n                        // 更新物流信息\n                        LogisticsInfo memory info = LogisticsInfo(status, block.timestamp, location);\n                        transportRecords[i].logistics.push(info);\n                        emit LogisticsUpdated(i, status, location,block.timestamp);\n                        return;\n                    }\n                }\n            }\n        }\n    }\n\n\n}\n"
    }
  },
  "settings": {
    "evmVersion": "paris",
    "optimizer": {
      "enabled": false,
      "runs": 200
    },
    "outputSelection": {
      "*": {
        "*": [
          "abi",
          "evm.bytecode",
          "evm.deployedBytecode",
          "evm.methodIdentifiers",
          "metadata",
          "devdoc",
          "userdoc",
          "storageLayout",
          "evm.gasEstimates"
        ],
        "": [
          "ast"
        ]
      }
    },
    "metadata": {
      "useLiteralContent": true
    }
  }
}